"","id","address_now1","address_now1.5","address_now2","fax","phone","state","id2"
"1","130 East Redoubt Avenue--12","130 East Redoubt Avenue","","Soldotna, AK 99669","f: 907.262.8564","p: 800.769.0045","AK","130 East Redoubt Avenue"
"2","1867 Airport Way, Suite 160B--4","1867 Airport Way, Suite 160B","","Fairbanks, AK 99701","f: 907.455.7280","p: 800.769.0045","AK","1867 Airport Way, Suite 160B"
"3","3231 Glacier Hwy.--8","3231 Glacier Hwy.","","Juneau, AK 99801","f: 907.523.5026","p: 800.769.0045","AK","3231 Glacier Hwy."
"4","4001 Lake Otis Parkway #101--1","4001 Lake Otis Parkway #101","","Anchorage, AK 99508","f: 907.563.7419","p: 800.769.0045","AK","4001 Lake Otis Parkway #101"
"5","1211 27th Place South--1","1211 27th Place South","","Birmingham, AL 35205","f: 205.322.2162","p: 205.322.2121","AL","1211 27th Place South"
"6","717 Downtowner Loop West--4","717 Downtowner Loop West","","Mobile, AL 36609","f: 251.342.8999","p: 251.342.6695","AL","717 Downtowner Loop West"
"7","3729 North Crossover St.--1","3729 North Crossover St.","Suite107","Fayetteville, AR 72703","f: 479.443.5761","p: 479.443.7791","AR","3729 North Crossover St."
"8","5921 W. 12th Street--5","5921 W. 12th Street","Suite B & C","Little Rock, AR 72204","f: 501.801.0205","p: 501.666.7526","AR","5921 W. 12th Street"
"9","1235 S. Gilbert Rd.--14","1235 S. Gilbert Rd.","Suite 7","Mesa, AZ 85204","f: 480.892.0403","p: 602.277.7526","AZ","1235 S. Gilbert Rd."
"10","1250 E. Apache Blvd. --34","1250 E. Apache Blvd. ","Suite 108","Tempe, AZ 85281","f: 480.921.8712","p: 602.277.7526","AZ","1250 E. Apache Blvd. "
"11","2255 N. Wyatt Dr.--39","2255 N. Wyatt Dr.",NA,"Tucson, AZ 85712","f: 520.628.3069","p: 520.408.7526","AZ","2255 N. Wyatt Dr."
"12","2500 S. Woodlands Village Blvd--5","2500 S. Woodlands Village Blvd","Suite 12","Flagstaff, AZ 86001","f: 928.774.5366","p: 928.779.3653","AZ","2500 S. Woodlands Village Blvd"
"13","3131 E. Thunderbird Rd.--29","3131 E. Thunderbird Rd.","Suite 48","Phoenix, AZ 85032","f: 602.953.8052","p: 602.277.7526","AZ","3131 E. Thunderbird Rd."
"14","4616 N. 51st Ave.--24","4616 N. 51st Ave.","Suite 210","Phoenix, AZ 85031","f: 623.209.9843","p: 602.277.7526","AZ","4616 N. 51st Ave."
"15","4751  N 15th Street--19","4751  N 15th Street","#3","Phoenix, AZ 85014","f: 602.916.0600","p: 602.277.7526","AZ","4751  N 15th Street"
"16","5240 E Knight Drive Suite 112--43","5240 E Knight Drive Suite 112",NA,"Tucson, AZ 85712","f: 520.323.9689","p: 520.408.7526","AZ","5240 E Knight Drive Suite 112"
"17","5771 W. Eugie--10","5771 W. Eugie",NA,"Glendale, AZ 85304","f: 623.937.3014","p: 602.277.7526","AZ","5771 W. Eugie"
"18","610 N. Alma School Road--1","610 N. Alma School Road","Suite 48","Chandler, AZ 85224","f: 480.814.1095","p: 480.814.0024","AZ","610 N. Alma School Road"
"19"," 2751 Napa Valley Corporate Drive--178"," 2751 Napa Valley Corporate Drive","Bldg. B","Napa, CA 94558","f: ","p: 707.252.2539","CA"," 2751 Napa Valley Corporate Drive"
"20","1014 1/2 N Vermont Ave--130","1014 1/2 N Vermont Ave",NA,"Los Angeles, CA 90029","f: 323.664.3602","p: 800.576.5544","CA","1014 1/2 N Vermont Ave"
"21","1032 A Street--94","1032 A Street",NA,"Hayward, CA 94541","f: 510.300.8039","p: 510.300.3800","CA","1032 A Street"
"22","1045 N. Lake Ave.--203","1045 N. Lake Ave.",NA,"Pasadena, CA 91104","f: 626.794.2533","p: 626.798.0706","CA","1045 N. Lake Ave."
"23","10737 Camino Ruiz--294","10737 Camino Ruiz","Medical Mall, #220","San Diego, CA 92126","f: 619.291.0959","p: 888.743.7526","CA","10737 Camino Ruiz"
"24","1104 Buchanan Road #C10--9","1104 Buchanan Road #C10",NA,"Antioch, CA 94509","f: 925.754.5931","p: 925.754.4550","CA","1104 Buchanan Road #C10"
"25","1119 Pacific Ave. Suite 200--354","1119 Pacific Ave. Suite 200",NA,"Santa Cruz, CA 95060","f: 831.425.0106","p: 831.426.5550","CA","1119 Pacific Ave. Suite 200"
"26","1125 10th Street--252","1125 10th Street",NA,"Sacramento, CA 95814","f: 916.446.2869","p: 916.444.7966","CA","1125 10th Street"
"27","1140 Sonoma Avenue--366","1140 Sonoma Avenue","Building 3","Santa Rosa, CA 95405","f: 707.527.5015","p: 707.527.7656","CA","1140 Sonoma Avenue"
"28","1165 So. Dora St., Suite A--391","1165 So. Dora St., Suite A",NA,"Ukiah, CA 95482","f: 707.462.4490","p: 707.462.4303","CA","1165 So. Dora St., Suite A"
"29","11722 S. Wilmington Avenue--142","11722 S. Wilmington Avenue",NA,"Los Angeles, CA 90059","f: 323.249.9059","p: 800.576.5544","CA","11722 S. Wilmington Avenue"
"30","1200 W Hillcrest--383","1200 W Hillcrest",NA,"Thousand Oaks, CA 91320","f: 805.498.6469","p: 888.898.3806","CA","1200 W Hillcrest"
"31","12345 El Monte Road --114","12345 El Monte Road ",NA,"Los Altos Hills, CA 94022","f: ","p: 650.949.7243","CA","12345 El Monte Road "
"32","12900 Frederick Street, Suite C--166","12900 Frederick Street, Suite C",NA,"Moreno Valley, CA 92553","f: 619.291.0959","p: 888.743.7526","CA","12900 Frederick Street, Suite C"
"33","1294 Potrero Ave.--308","1294 Potrero Ave.",NA,"San Francisco, CA 94110","f: ","p: 415.401.8737","CA","1294 Potrero Ave."
"34","1295 Broadway #201--29","1295 Broadway #201",NA,"Chula Vista, CA 91911","f: 619.291.0959","p: 888.743.7526","CA","1295 Broadway #201"
"35","130 W Route 66 --89","130 W Route 66 ","Suite 100","Glendora, CA 91740","f: 626.691.1177","p: 626.798.0706","CA","130 W Route 66 "
"36","1316 3rd Street Promenade #201--362","1316 3rd Street Promenade #201",NA,"Santa Monica, CA 90401","f: 310.395.3628","p: 800.576.5544","CA","1316 3rd Street Promenade #201"
"37","1325 Travis Blvd. #C--73","1325 Travis Blvd. #C",NA,"Fairfield, CA 94533","f: 707.429.0285","p: 707.429.8855","CA","1325 Travis Blvd. #C"
"38","1357 Oakland Blvd.--428","1357 Oakland Blvd.",NA,"Walnut Creek, CA 94596","f: 925.932.2231","p: 925.935.3010","CA","1357 Oakland Blvd."
"39","1421 E. 17th St.--346","1421 E. 17th St.",NA,"Santa Ana, CA 92705","f: 714.973.8897","p: 714.922.4100","CA","1421 E. 17th St."
"40","1431 McHenry Avenue, Suite 100--162","1431 McHenry Avenue, Suite 100",NA,"Modesto, CA 95350","f: 209.579.1948","p: 209.579.2300","CA","1431 McHenry Avenue, Suite 100"
"41","14372 Beach Blvd.--440","14372 Beach Blvd.",NA,"Westminster, CA 92683","f: 714.893.5145","p: 714.922.4100","CA","14372 Beach Blvd."
"42","1441 N. Tracy Blvd.--387","1441 N. Tracy Blvd.",NA,"Tracy, CA 95376","f: 209.835.8534","p: 209.835.8910","CA","1441 N. Tracy Blvd."
"43","14623 Hawthorne Blvd. #300--106","14623 Hawthorne Blvd. #300",NA,"Lawndale, CA 90260","f: 213.284.3369","p: 800.576.5544","CA","14623 Hawthorne Blvd. #300"
"44","1463 South 4th Street--53","1463 South 4th Street",NA,"El Centro, CA 92243","f: ","p: 760.594.9100","CA","1463 South 4th Street"
"45","14671 Olympic Drive--33","14671 Olympic Drive",NA,"Clearlake, CA 95422","f: 707.995.2816","p: 707.995.2261","CA","14671 Olympic Drive"
"46","15403 Park Ave. E.--416","15403 Park Ave. E.",NA,"Victorville, CA 92391","f: ","p: 760.245.9500","CA","15403 Park Ave. E."
"47","1550 N Garey Avenue--211","1550 N Garey Avenue",NA,"Pomona, CA 91767","f: 909.620.0729","p: 800.576.5544","CA","1550 N Garey Avenue"
"48","1578 Colorado Blvd.--122","1578 Colorado Blvd.",NA,"Los Angeles, CA 90041","f: 323.256.0026","p: 626.798.0706","CA","1578 Colorado Blvd."
"49","1650 Valencia St--304","1650 Valencia St",NA,"San Francisco, CA 94110","f: 415.821.9047","p: 415.821.1282","CA","1650 Valencia St"
"50","1682 7th Street--191","1682 7th Street",NA,"Oakland, CA 94607","f: 510.433.8793","p: 510.300.3800","CA","1682 7th Street"
"51","1685 E. Main  Street #301--49","1685 E. Main  Street #301",NA,"El Cajon, CA 92021","f: 619.291.0959","p: 888.743.7526","CA","1685 E. Main  Street #301"
"52","1691 The Alameda--326","1691 The Alameda",NA,"San Jose, CA 95126","f: 408.971.6963","p: 408.287.7526","CA","1691 The Alameda"
"53","1735 Jefferson Street--174","1735 Jefferson Street",NA,"Napa, CA 94559","f: 707.252.4203","p: 707.252.8050","CA","1735 Jefferson Street"
"54","1873 S. Commercenter Dr. W.--264","1873 S. Commercenter Dr. W.",NA,"San Bernardino, CA 92408","f: 909.890.4599","p: 909.890.5511","CA","1873 S. Commercenter Dr. W."
"55","1964 Via Centre --424","1964 Via Centre ",NA,"Vista, CA 92081","f: ","p: 888.743.7526","CA","1964 Via Centre "
"56","2 H Street--338","2 H Street",NA,"San Rafael, CA 94901","f: ","p: 415.459.4907","CA","2 H Street"
"57","200 Porter Drive, Suite 200--342","200 Porter Drive, Suite 200",NA,"San Ramon, CA 94583","f: 925.838.9265","p: 925.838.2108","CA","200 Porter Drive, Suite 200"
"58","201 29th Street, Ste. B--248","201 29th Street, Ste. B",NA,"Sacramento, CA 95816","f: 916.446.0640","p: 916.446.6921","CA","201 29th Street, Ste. B"
"59","2017 First Avenue --280","2017 First Avenue ","Suite 301","San Diego, CA 92101","f: 619.291.0959","p: 888.743.7526","CA","2017 First Avenue "
"60","2017 First Avenue--285","2017 First Avenue","Suite 100","San Diego, CA 92101","f: 619.291.0959","p: 888.743.7526","CA","2017 First Avenue"
"61","21001 Sherman Way #9--21","21001 Sherman Way #9",NA,"Canoga Park, CA 91303","f: 818.883.9517","p: 800.576.5544","CA","21001 Sherman Way #9"
"62","211 N. Stevenson Street--420","211 N. Stevenson Street",NA,"Visalia, CA 93291","f: ","p: 877.855.7526","CA","211 N. Stevenson Street"
"63","2185 Pacheco Street--41","2185 Pacheco Street",NA,"Concord, CA 94520","f: 925.676.2650","p: 925.676.0300","CA","2185 Pacheco Street"
"64","220 Euclid Ave, Suite 30--276","220 Euclid Ave, Suite 30",NA,"San Diego, CA 92114","f: 619.291.0959","p: 888.743.7526","CA","220 Euclid Ave, Suite 30"
"65","225 San Antonio Road--170","225 San Antonio Road",NA,"Mountain View, CA 94040","f: 650.948.3319","p: 650.948.0807","CA","225 San Antonio Road"
"66","2470 Alvin Ave --321","2470 Alvin Ave ","Suite 60","San Jose, CA 95121","f: 408.274.8763","p: 408.274.7100","CA","2470 Alvin Ave "
"67","26137 La Paz Rd., #200--158","26137 La Paz Rd., #200",NA,"Mission Viejo, CA 92691","f: 949.768.5660","p: 714.922.4100","CA","26137 La Paz Rd., #200"
"68","2633 16th Street--13","2633 16th Street",NA,"Bakersfield, CA 93301","f: 661.634.1040","p: 661.634.1000","CA","2633 16th Street"
"69","2690 Pacific Avenue, Ste. 370--110","2690 Pacific Avenue, Ste. 370",NA,"Long Beach, CA 90806","f: 562.595.6289","p: 800.576.5544","CA","2690 Pacific Avenue, Ste. 370"
"70","29 Baywood Ave --334","29 Baywood Ave ",NA,"San Mateo, CA 94402","f: 650.235.7978","p: 650.235.7940","CA","29 Baywood Ave "
"71","2907 El Camino Real --228","2907 El Camino Real ",NA,"Redwood City , CA 94061","f: 650.298.9875","p: 650.503.7810","CA","2907 El Camino Real "
"72","2935 Bechelli Lane--223","2935 Bechelli Lane","Suite A & C","Redding, CA 96002","f: 530.351.7101","p: 530.351.7100","CA","2935 Bechelli Lane"
"73","2970 Hilltop Mall Road #307--236","2970 Hilltop Mall Road #307",NA,"Richmond, CA 94806","f: 510.222.9231","p: 510.222.5290","CA","2970 Hilltop Mall Road #307"
"74","303 W. Lincoln Ave., #105--5","303 W. Lincoln Ave., #105",NA,"Anaheim, CA 92805","f: 714.956.2748","p: 714.922.4100","CA","303 W. Lincoln Ave., #105"
"75","3100 Cohasset Rd.--25","3100 Cohasset Rd.",NA,"Chico, CA 95973","f: 530.342.2949","p: 530.342.8367","CA","3100 Cohasset Rd."
"76","3131 Alum Rock Avenue--317","3131 Alum Rock Avenue",NA,"San Jose, CA 95127","f: 408.729.5684","p: 408.729.7600","CA","3131 Alum Rock Avenue"
"77","316 N. Main Street--260","316 N. Main Street",NA,"Salinas, CA 93901","f: 831.758.3475","p: 831.758.8261","CA","316 N. Main Street"
"78","3166 Collins Dr.--154","3166 Collins Dr.",NA,"Merced, CA 95348","f: 209.723.0295","p: 209.723.7751","CA","3166 Collins Dr."
"79","320 El Cerrito Plaza--57","320 El Cerrito Plaza",NA,"El Cerrito, CA 94530","f: 510.527.9084","p: 510.527.5806","CA","320 El Cerrito Plaza"
"80","3225 Timber Fall Court Suite B--69","3225 Timber Fall Court Suite B",NA,"Eureka, CA 95503","f: 707.441.1000","p: 707.442.5700","CA","3225 Timber Fall Court Suite B"
"81","330 S. Garfield Ave.--1","330 S. Garfield Ave.","Suite 300","Alhambra, CA 91801","f: 626.281.1590","p: 626.798.0706","CA","330 S. Garfield Ave."
"82","340 Marina Way--232","340 Marina Way",NA,"Richmond, CA 94801","f: 510.232.6837","p: 510.232.1250","CA","340 Marina Way"
"83","347 W. Mission Avenue--65","347 W. Mission Avenue",NA,"Escondido, CA 92025","f: 619.291.0959","p: 888.743.7526","CA","347 W. Mission Avenue"
"84","3637 S. La Brea Ave--134","3637 S. La Brea Ave",NA,"Los Angeles, CA 90016","f: 213.284.3383","p: 800.576.5544","CA","3637 S. La Brea Ave"
"85","3715 Railroad Ave. Suite B--207","3715 Railroad Ave. Suite B",NA,"Pittsburg, CA 94565","f: 925.439.8974","p: 925.439.1237","CA","3715 Railroad Ave. Suite B"
"86","3772 Tibbetts--240","3772 Tibbetts",NA,"Riverside, CA 92506","f: ","p: 888.743.7526","CA","3772 Tibbetts"
"87","398 South Green Valley Road--432","398 South Green Valley Road",NA,"Watsonville, CA 95076","f: 831.724.7438","p: 831.724.7525","CA","398 South Green Valley Road"
"88","400 West 30th Street--138","400 West 30th Street",NA,"Los Angeles, CA 90007","f: 213.745.7247","p: 800.576.5544","CA","400 West 30th Street"
"89","415 E Chapel Street--358","415 E Chapel Street",NA,"Santa Maria, CA 93454","f: 805.928.7671","p: 888.898.3806","CA","415 E Chapel Street"
"90","430 Palora Ave. #G--452","430 Palora Ave. #G",NA,"Yuba City, CA 95991","f: 530.674.0941","p: 530.674.2603","CA","430 Palora Ave. #G"
"91","4305 University Avenue, #350--268","4305 University Avenue, #350",NA,"San Diego, CA 92105","f: 619.291.0959","p: 888.743.7526","CA","4305 University Avenue, #350"
"92","4501 Mission Bay Drive--299","4501 Mission Bay Drive","#1C&D","San Diego, CA 92109","f: 619.291.0959","p: 888.743.7526","CA","4501 Mission Bay Drive"
"93","4555 Precissi Lane --379","4555 Precissi Lane ",NA,"Stockton, CA 95207","f: 209.477.1065","p: 209.477.4103","CA","4555 Precissi Lane "
"94","4575 College Ave--272","4575 College Ave",NA,"San Diego, CA 92115","f: 619.291.0959","p: 888.743.7526","CA","4575 College Ave"
"95","4786 N. Peck Road, Ste. B--61","4786 N. Peck Road, Ste. B",NA,"El Monte, CA 91732","f: 626.246.1146","p: 800.576.5544","CA","4786 N. Peck Road, Ste. B"
"96","49-111 California 111 #6A--37","49-111 California 111 #6A",NA,"Coachella, CA 92236","f: 619.291.0959","p: 888.743.7526","CA","49-111 California 111 #6A"
"97","500 E. Almond Suite #1--146","500 E. Almond Suite #1",NA,"Madera, CA 93637","f: 559.675.0419","p: 559.675.1133","CA","500 E. Almond Suite #1"
"98","5068 Whittier Blvd.--126","5068 Whittier Blvd.",NA,"Los Angeles, CA 90022","f: 213.284.3370","p: 800.576.5544","CA","5068 Whittier Blvd."
"99","518 Garden Street--350","518 Garden Street",NA,"Santa Barbara, CA 93101","f: 805.963.6722","p: 888.898.3806","CA","518 Garden Street"
"100","520 Cottonwood Street Suite 10--448","520 Cottonwood Street Suite 10",NA,"Woodland, CA 95695","f: 530.662.4235","p: 530.662.4646","CA","520 Cottonwood Street Suite 10"
"101","533 E. Palmdale Boulevard, Ste. 533-A1--199","533 E. Palmdale Boulevard, Ste. 533-A1",NA,"Palmdale , CA 93550","f: 661.266.3216","p: 800.576.5544","CA","533 E. Palmdale Boulevard, Ste. 533-A1"
"102","5385 Franklin Blvd., Suite A-D--256","5385 Franklin Blvd., Suite A-D",NA,"Sacramento, CA 95820","f: 916.452.9753","p: 916.452.7305","CA","5385 Franklin Blvd., Suite A-D"
"103","5400 Ralston Street--412","5400 Ralston Street",NA,"Ventura, CA 93003","f: 805.644.1201","p: 888.898.3806","CA","5400 Ralston Street"
"104","5440 Thornwood Drive--312","5440 Thornwood Drive","Suite G","San Jose                    , CA 95123","f: 408.281.3678","p: 408.281.9777","CA","5440 Thornwood Drive"
"105","5519 E. Del Amo Blvd--102","5519 E. Del Amo Blvd",NA,"Lakewood, CA 90713","f: 213.284.3380","p: 800.576.5544","CA","5519 E. Del Amo Blvd"
"106","5525 E Del Amo Blvd.--98","5525 E Del Amo Blvd.",NA,"Lakewood, CA 90713","f: 213.284.3374","p: 800.576.5544","CA","5525 E Del Amo Blvd."
"107","5700 Watt Ave.--183","5700 Watt Ave.",NA,"North Highlands, CA 95660","f: 916.332.1849","p: 916.332.5715","CA","5700 Watt Ave."
"108","600 Nut Tree Road--399","600 Nut Tree Road","Suite 210","Vacaville, CA 95687","f: 707.317.2112","p: 707.317.2111","CA","600 Nut Tree Road"
"109","601 W. 19th St.--45","601 W. 19th St.",NA,"Costa Mesa, CA 92627","f: 949.548.9051","p: 714.922.4100","CA","601 W. 19th St."
"110","6095 N. 1st Street--77","6095 N. 1st Street",NA,"Fresno, CA 93710","f: 559.446.1273","p: 559.446.1515","CA","6095 N. 1st Street"
"111","625 Hilby Ave.--371","625 Hilby Ave.",NA,"Seaside, CA 93955","f: 831.394.1870","p: 831.394.1691","CA","625 Hilby Ave."
"112","650 N. Fulton Street--81","650 N. Fulton Street",NA,"Fresno, CA 93728","f: 559.488.4999","p: 559.488.4900","CA","650 N. Fulton Street"
"113","678 N Wilson Way #G--375","678 N Wilson Way #G",NA,"Stockton, CA 95205","f: 209.466.2083","p: 209.466.2081","CA","678 N Wilson Way #G"
"114","700 S. Tustin St.--195","700 S. Tustin St.",NA,"Orange, CA 92866","f: 714.633.4303","p: 714.922.4100","CA","700 S. Tustin St."
"115","7100 Van Nuys Blvd. #108--408","7100 Van Nuys Blvd. #108",NA,"Van Nuys, CA 91405","f: 818.909.9886","p: 800.576.5544","CA","7100 Van Nuys Blvd. #108"
"116","71777 San Jacinto Drive, Suite 202--215","71777 San Jacinto Drive, Suite 202",NA,"Rancho Mirage, CA 92270","f: 619.291.0959","p: 888.743.7526","CA","71777 San Jacinto Drive, Suite 202"
"118","729 Sunrise Ave. Suite 900--244","729 Sunrise Ave. Suite 900",NA,"Roseville, CA 95661","f: 916.781.2338","p: 916.781.3310","CA","729 Sunrise Ave. Suite 900"
"119","743 Pismo Street--330","743 Pismo Street",NA,"San Luis Obispo, CA 93401","f: 805.549.0749","p: 888.898.3806","CA","743 Pismo Street"
"120","7526 Clairemont Mesa Blvd.--290","7526 Clairemont Mesa Blvd.",NA,"San Diego, CA 92111","f: 619.291.0959","p: 888.743.7526","CA","7526 Clairemont Mesa Blvd."
"121","760 Renz Lane--85","760 Renz Lane",NA,"Gilroy, CA 95020","f: 408.847.5146","p: 408.847.1739","CA","760 Renz Lane"
"122","7655 Greenleaf Ave--444","7655 Greenleaf Ave",NA,"Whittier, CA 90602","f: 562.758.4387","p: 800.576.5544","CA","7655 Greenleaf Ave"
"123","825 N. San Vicente Blvd.--436","825 N. San Vicente Blvd.",NA,"West Hollywood, CA 90069","f: 310.461.3230","p: 800.576.5544","CA","825 N. San Vicente Blvd."
"124","8480 Enterprise Way --187","8480 Enterprise Way ",NA,"Oakland, CA 94621","f: 510.746.4740","p: 510.746.4700","CA","8480 Enterprise Way "
"125","8520 So. Broadway--118","8520 So. Broadway",NA,"Los Angeles, CA 90003","f: 323.905.1995","p: 800.576.5544","CA","8520 So. Broadway"
"126","916 W Burbank Blvd. #M--17","916 W Burbank Blvd. #M",NA,"Burbank, CA 91506","f: 818.841.3820","p: 800.576.5544","CA","916 W Burbank Blvd. #M"
"127","918 W. Foothill Blvd., #A--395","918 W. Foothill Blvd., #A",NA,"Upland, CA 91786","f: 909.985.0351","p: 909.890.5511","CA","918 W. Foothill Blvd., #A"
"128","965 E. Yosemite Avenue Suite #2--150","965 E. Yosemite Avenue Suite #2",NA,"Manteca, CA 95336","f: 209.239.8217","p: 209.239.2528","CA","965 E. Yosemite Avenue Suite #2"
"129","990 Broadway--404","990 Broadway",NA,"Vallejo, CA 94590","f: 707.643.1349","p: 707.643.4545","CA","990 Broadway"
"130","111 11th Street Unit 102--81","111 11th Street Unit 102",NA,"Steamboat Springs, CO 80487","f: 970.879.3039","p: 970.879.2212","CO","111 11th Street Unit 102"
"131","12543 N. Hwy 83, Unit 214--73","12543 N. Hwy 83, Unit 214",NA,"Parker, CO 80134","f: 720.851.5904","p: 720.851.6606","CO","12543 N. Hwy 83, Unit 214"
"132","1284 S. Abilene St--8","1284 S. Abilene St",NA,"Aurora, CO 80012","f: 303.671.7544","p: 303.671.7526","CO","1284 S. Abilene St"
"133","131 W County Line Rd--65","131 W County Line Rd",NA,"Littleton, CO 80129","f: 303.798.5069","p: 303.798.0963","CO","131 W County Line Rd"
"134","1400 S Wadsworth Blvd.--61","1400 S Wadsworth Blvd.",NA,"Lakewood, CO 80232","f: 303.980.5399","p: 303.988.3821","CO","1400 S Wadsworth Blvd."
"135","1560 12th Street #7--1","1560 12th Street #7",NA,"Alamosa, CO 81101","f: 719.589.3034","p: 719.589.4906","CO","1560 12th Street #7"
"136","195 S Main #8--69","195 S Main #8",NA,"Longmont, CO 80501","f: 303.772.4285","p: 303.772.3600","CO","195 S Main #8"
"137","20 West North Street--20","20 West North Street",NA,"Cortez, CO 81321","f: 970.565.3277","p: 970.565.7011","CO","20 West North Street"
"138","233 E. 2nd Ave--77","233 E. 2nd Ave",NA,"Salida, CO 81201","f: 719.539.4399","p: 719.539.7291","CO","233 E. 2nd Ave"
"139","236 Agate Ave.--52","236 Agate Ave.","PO Box 88","Granby, CO 80446","f: 970.887.3472","p: 970.887.2454","CO","236 Agate Ave."
"140","2525 Arapahoe Ave, Suite C-200--12","2525 Arapahoe Ave, Suite C-200",NA,"Boulder, CO 80302","f: 303.447.2882","p: 303.447.1040","CO","2525 Arapahoe Ave, Suite C-200"
"141","3480 Centennial Blvd.--16","3480 Centennial Blvd.",NA,"Colorado Springs, CO 80907","f: 719.475.2201","p: 719.475.7162","CO","3480 Centennial Blvd."
"142","3487B W 10th Street--57","3487B W 10th Street",NA,"Greeley, CO 80634","f: 970.352.0040","p: 970.352.4762","CO","3487B W 10th Street"
"143","46 Suttle St--36","46 Suttle St",NA,"Durango, CO 81303","f: 970.382.0328","p: 970.247.3002","CO","46 Suttle St"
"144","50923 Highway 6--48","50923 Highway 6",NA,"Glenwood Springs, CO 81601","f: 970.928.8779","p: 970.945.8631","CO","50923 Highway 6"
"145","6310 E Exposition Ave.--28","6310 E Exposition Ave.",NA,"Denver, CO 80224","f: 303.321.8768","p: 303.320.1630","CO","6310 E Exposition Ave."
"146","7155 E 38th Ave--32","7155 E 38th Ave",NA,"Denver, CO 80207","f: 303.321.0498","p: 303.321.2458","CO","7155 E 38th Ave"
"147","7735 Wadsworth Blvd #D--4","7735 Wadsworth Blvd #D",NA,"Arvada, CO 80003","f: 303.425.6101","p: 303.425.6624","CO","7735 Wadsworth Blvd #D"
"148","825 South Shields St, Suites 4 - 7--40","825 South Shields St, Suites 4 - 7",NA,"Fort Collins, CO 80521","f: ","p: 970.493.0281","CO","825 South Shields St, Suites 4 - 7"
"150","921 E 14th Ave--24","921 E 14th Ave",NA,"Denver, CO 80218","f: 303.832.1410","p: 303.832.5069","CO","921 E 14th Ave"
"151","100 Grand Street--28","100 Grand Street","","New Britain, CT 06050","f: 844.560.1141","p: 203.238.0542","CT","100 Grand Street"
"152","1030 New Britain Ave--60","1030 New Britain Ave","","West Hartford, CT 06110","f: 844.560.1149","p: 860.953.6201","CT","1030 New Britain Ave"
"153","111 Hazard Ave.--12","111 Hazard Ave.","","Enfield, CT 06082","f: 844.560.1136","p: 860.741.2197","CT","111 Hazard Ave."
"154","12 Case Street--40","12 Case Street","","Norwich, CT 06360","f: 860.380.9585","p: 860.889.5211","CT","12 Case Street"
"155","1229 Albany Avenue--16","1229 Albany Avenue","","Hartford, CT 06112","f: 844.560.1138","p: 860.728.0203","CT","1229 Albany Avenue"
"156","1548 W Main Street--64","1548 W Main Street","","Willimantic, CT 06226","f: 844.560.1150","p: 860.423.8426","CT","1548 W Main Street"
"157","211 State Street--1","211 State Street","","Bridgeport, CT 06604","f: 855.761.0609","p: 203.366.0664","CT","211 State Street"
"158","249 Winsted Road--52","249 Winsted Road","","Torrington, CT 06790","f: 844.560.1147","p: 860.489.5500","CT","249 Winsted Road"
"159","26 Women's Way--24","26 Women's Way","","Meriden, CT 06451","f: 844.560.1140","p: 203.238.0542","CT","26 Women's Way"
"160","263 Main Street--44","263 Main Street","","Old Saybrook, CT 06475","f: 844.560.1144","p: 860.388.4459","CT","263 Main Street"
"161","319B Main Street--20","319B Main Street","","Manchester, CT 06040","f: 844.560.1139","p: 860.643.1607","CT","319B Main Street"
"162","345 Whitney Ave--32","345 Whitney Ave","","New Haven, CT 06511","f: 844.560.1137","p: 203.503.0450","CT","345 Whitney Ave"
"163","35 Sixth Street--48","35 Sixth Street","","Stamford, CT 06902","f: 844.560.1146","p: 203.327.2722","CT","35 Sixth Street"
"164","44 Main Street--4","44 Main Street","","Danbury, CT 06810","f: 844.560.1134","p: 203.743.2446","CT","44 Main Street"
"165","45 Franklin Street--36","45 Franklin Street","","New London, CT 06320","f: 844.560.1142","p: 860.443.5820","CT","45 Franklin Street"
"166","87 Westcott Road--8","87 Westcott Road","","Danielson, CT 06239","f: 844.560.1135","p: 860.774.0533","CT","87 Westcott Road"
"167","969 W Main Street--56","969 W Main Street","","Waterbury, CT 06708","f: 844.560.1148","p: 203.753.2119","CT","969 W Main Street"
"168","140 E Delaware Ave--4","140 E Delaware Ave","","Newark, DE 19711","f: 302.731.7805","p: 302.731.7801","DE","140 E Delaware Ave"
"169","625 N Shipley Street--8","625 N Shipley Street","","Wilmington, DE 19801","f: 302.254.4470","p: 302.655.7293","DE","625 N Shipley Street"
"170","805 S Governors Ave--1","805 S Governors Ave","","Dover, DE 19901","f: 302.678.5277","p: 302.678.5200","DE","805 S Governors Ave"
"171","10111 Forest Hill Blvd, Suite 340--85","10111 Forest Hill Blvd, Suite 340",NA,"Wellington, FL 33414","f: 561.721.3474","p: 561.296.4919","FL","10111 Forest Hill Blvd, Suite 340"
"172","1105 53rd Avenue East, Suite 201--5","1105 53rd Avenue East, Suite 201",NA,"Bradenton, FL 34203","f: 941.753.3804","p: 941.567.3800","FL","1105 53rd Avenue East, Suite 201"
"173","11440 SW 88th Street, Suite 109--42","11440 SW 88th Street, Suite 109",NA,"Miami, FL 33176","f: 786.263.0004","p: 786.263.0001","FL","11440 SW 88th Street, Suite 109"
"174","11500 University Blvd--54","11500 University Blvd","Suite B","Orlando, FL 32817","f: 321.235.6125","p: 407.246.1788","FL","11500 University Blvd"
"175","1322 NW Federal Hwy., Emerald Plaza--72","1322 NW Federal Hwy., Emerald Plaza",NA,"Stuart, FL 34994","f: 772.692.1555","p: 772.692.2023","FL","1322 NW Federal Hwy., Emerald Plaza"
"176","1425 Creech Road--46","1425 Creech Road",NA,"Naples, FL 34103","f: 239.262.7658","p: 239.262.0301","FL","1425 Creech Road"
"177","2121 W Pensacola Street--76","2121 W Pensacola Street","STE B-2","Tallahassee, FL 32304","f: 850.575.4335","p: 850.574.7455","FL","2121 W Pensacola Street"
"178","2250 E Edgewood Drive--30","2250 E Edgewood Drive",NA,"Lakeland, FL 33803","f: 863.665.4422","p: 863.665.5735","FL","2250 E Edgewood Drive"
"179","263 North University Drive--59","263 North University Drive",NA,"Pembroke Pines, FL 33024","f: 954.989.2371","p: 954.989.5747","FL","263 North University Drive"
"180","3119A Coral Way--38","3119A Coral Way",NA,"Miami, FL 33145","f: 305.285.6956","p: 305.285.5535","FL","3119A Coral Way"
"181","33 Sixth Street South--67","33 Sixth Street South","Suite 110","St. Petersburg, FL 33701","f: 727.898.9710","p: 727.898.8199","FL","33 Sixth Street South"
"182","419 N First Street--17","419 N First Street","Office inside Health Department","Immokalee, FL 34142","f: 239.262.7658","p: 239.262.0301","FL","419 N First Street"
"183","585 N.W. 161 St. Suites 200-300--34","585 N.W. 161 St. Suites 200-300",NA,"Miami, FL 33169","f: 305.830.4110","p: 305.830.4111","FL","585 N.W. 161 St. Suites 200-300"
"184","5978 Powers Avenue--22","5978 Powers Avenue",NA,"Jacksonville, FL 32217","f: 904.399.2333","p: 904.399.2800","FL","5978 Powers Avenue"
"185","610 Oak Commons Blvd.--26","610 Oak Commons Blvd.",NA,"Kissimmee, FL 34741","f: 407.518.0690","p: 407.246.1788","FL","610 Oak Commons Blvd."
"186","726 South Tampa Ave--50","726 South Tampa Ave",NA,"Orlando, FL 32805","f: 407.246.8466","p: 407.246.1788","FL","726 South Tampa Ave"
"187","736 Central Avenue--63","736 Central Avenue",NA,"Sarasota, FL 34236","f: 941.366.1899","p: 941.953.4060","FL","736 Central Avenue"
"188","8068 North 56th Street--81","8068 North 56th Street",NA,"Tampa, FL 33617","f: 813.341.1111","p: 813.980.3555","FL","8068 North 56th Street"
"189","8177 Glades Rd.--1","8177 Glades Rd.","Bay 25","Boca Raton, FL 33434","f: 561.939.1344","p: 561.226.4116","FL","8177 Glades Rd."
"190","8595 College Parkway, Suite 250--9","8595 College Parkway, Suite 250",NA,"Ft. Myers, FL 33919","f: 239.481.9346","p: 239.481.9999","FL","8595 College Parkway, Suite 250"
"191","914 NW 13th Street--13","914 NW 13th Street",NA,"Gainesville, FL 32601","f: 352.374.6823","p: 352.377.0881","FL","914 NW 13th Street"
"192","931 Village Blvd. Suite 904--89","931 Village Blvd. Suite 904",NA,"West Palm Beach, FL 33409","f: 561.683.9823","p: 561.683.0302","FL","931 Village Blvd. Suite 904"
"193","220 Cobb Parkway North, Suite 500--10","220 Cobb Parkway North, Suite 500",NA,"Marietta, GA 30062","f: 770.424.0518","p: 404.688.9300","GA","220 Cobb Parkway North, Suite 500"
"194","720 East 71st Street--14","720 East 71st Street",NA,"Savannah, GA 31405","f: 912.352.0951","p: 912.351.0116","GA","720 East 71st Street"
"195","75 Piedmont Ave NE--1","75 Piedmont Ave NE","#800","Atlanta, GA 30303","f: ","p: 404.688.9300","GA","75 Piedmont Ave NE"
"196","798 Lawrenceville Suwannee Road--5","798 Lawrenceville Suwannee Road","Suite 300, Cross Creek Village","Lawrenceville, GA 30043","f: 678.985.8093","p: 404.688.9300","GA","798 Lawrenceville Suwannee Road"
"197","1350 S. King Street, Suite 310--1","1350 S. King Street, Suite 310","","Honolulu, HI 96814","f: 808.589.1160","p: 808.589.1149","HI","1350 S. King Street, Suite 310"
"198","140 Hoohana Street, Suite 303--4","140 Hoohana Street, Suite 303","","Kahului, HI 96732","f: 808.871.1131","p: 808.871.1176","HI","140 Hoohana Street, Suite 303"
"199","1000 E. Army Post Road--24","1000 E. Army Post Road","","Des Moines, IA 50315","f: 515.287.0204","p: 877.811.7526","IA","1000 E. Army Post Road"
"200","10534 New York Ave--44","10534 New York Ave","","Urbandale, IA 50322","f: 515.276.9531","p: 877.811.7526","IA","10534 New York Ave"
"201","1604 2nd Ave--20","1604 2nd Ave","","Council Bluffs, IA 51501","f: 712.322.7985","p: 877.811.7526","IA","1604 2nd Ave"
"202","1626 Morgan St--36","1626 Morgan St","","Keokuk, IA 52632","f: 319.524.2294","p: 877.811.7526","IA","1626 Morgan St"
"203","2304 University Avenue--28","2304 University Avenue","","Des Moines, IA 50311","f: 515.284.0149","p: 877.811.7526","IA","2304 University Avenue"
"204","2520 Melrose Drive, Suite L--12","2520 Melrose Drive, Suite L","","Cedar Falls, IA 50613","f: 319.277.8810","p: 877.811.7526","IA","2520 Melrose Drive, Suite L"
"205","2530 Chamberlain Street--1","2530 Chamberlain Street","","Ames, IA 50014","f: 515.292.5340","p: 877.811.7526","IA","2530 Chamberlain Street"
"206","2751 Tech Drive--4","2751 Tech Drive","","Bettendorf, IA 52722","f: 563.449.1001","p: 877.811.7526","IA","2751 Tech Drive"
"207","3425 First Ave SE, Suite 100--16","3425 First Ave SE, Suite 100","","Cedar Rapids, IA 52402","f: ","p: 877.811.7526","IA","3425 First Ave SE, Suite 100"
"208","4409 Stone Avenue--40","4409 Stone Avenue","","Sioux City, IA 51106","f: 712.276.0910","p: 877.811.7526","IA","4409 Stone Avenue"
"209","620 N. 8th Street--8","620 N. 8th Street","","Burlington, IA 52601","f: 319.753.0181","p: 877.811.7526","IA","620 N. 8th Street"
"210","850 Orchard Street--32","850 Orchard Street","","Iowa City, IA 52246","f: 319.354.4504","p: 877.811.7526","IA","850 Orchard Street"
"211","200 Second Ave N.--8","200 Second Ave N.","","Twin Falls, ID 83301","f: 208.734.9966","p: 800.769.0045","ID","200 Second Ave N."
"212","2112 East Franklin Road--4","2112 East Franklin Road","","Meridian, ID 83642","f: ","p: 800.769.0045","ID","2112 East Franklin Road"
"213","3668 N. Harbor Lane--1","3668 N. Harbor Lane","","Boise, ID 83703","f: 208.376.9444","p: 800.769.0045","ID","3668 N. Harbor Lane"
"214","11250 S Halsted St.--39","11250 S Halsted St.",NA,"Chicago, IL 60628","f: 773.468.2941","p: 773.468.1600","IL","11250 S Halsted St."
"215","1152 N Milwaukee Ave--43","1152 N Milwaukee Ave",NA,"Chicago, IL 60642","f: 773.252.2267","p: 773.252.2240","IL","1152 N Milwaukee Ave"
"216","1200 N LaSalle Street--31","1200 N LaSalle Street",NA,"Chicago, IL 60610","f: 312.266.8797","p: 312.266.1033","IL","1200 N LaSalle Street"
"217","1319 N. Veterans Parkway--8","1319 N. Veterans Parkway","Suite 3-A","Bloomington, IL 61704","f: 309.828.6626","p: 309.827.4014","IL","1319 N. Veterans Parkway"
"218","14470 S. LaGrange Rd.--51","14470 S. LaGrange Rd.","Suite 101","Orland Park, IL 60462","f: 708.349.5824","p: 708.349.2227","IL","14470 S. LaGrange Rd."
"219","18 S. Michigan Avenue--26","18 S. Michigan Avenue","6th Floor","Chicago, IL 60603","f: 312.592.6701","p: 312.592.6700","IL","18 S. Michigan Avenue"
"220","2709 N Knoxville Ave--64","2709 N Knoxville Ave",NA,"Peoria, IL 61604","f: 309.681.0359","p: 309.681.0350","IL","2709 N Knoxville Ave"
"221","302 E Stoughton St.--13","302 E Stoughton St.","Suite #2","Champaign, IL 61820","f: 217.359.9625","p: 217.359.8022","IL","302 E Stoughton St."
"222","3021 N Oakland Ave--47","3021 N Oakland Ave",NA,"Decatur, IL 62526","f: 217.877.9452","p: 217.877.6474","IL","3021 N Oakland Ave"
"223","3051 E. New York St.--1","3051 E. New York St.",NA,"Aurora, IL 60504","f: 630.585.5588","p: 630.585.0500","IL","3051 E. New York St."
"224","328 South Fourth Street--60","328 South Fourth Street",NA,"Pekin, IL 61554","f: 309.347.6283","p: 309.347.1274","IL","328 South Fourth Street"
"225","5937 W Chicago Ave.--18","5937 W Chicago Ave.",NA,"Chicago, IL 60651","f: 773.287.2917","p: 773.287.2020","IL","5937 W Chicago Ave."
"226","601 N. Bruns--68","601 N. Bruns",NA,"Springfield, IL 62702","f: 217.546.1067","p: 217.546.1060","IL","601 N. Bruns"
"227","6059 S. Ashland Ave.--22","6059 S. Ashland Ave.",NA,"Chicago, IL 60636","f: 773.434.0396","p: 773.434.3700","IL","6059 S. Ashland Ave."
"228","612 Court Street--56","612 Court Street",NA,"Ottawa, IL 61350","f: 815.433.9434","p: 815.433.4111","IL","612 Court Street"
"229","6353 N Broadway--35","6353 N Broadway",NA,"Chicago, IL 60660","f: 773.262.5353","p: 773.973.3393","IL","6353 N Broadway"
"230","Lakeland Square, 4529 North Illinois St.--4","Lakeland Square, 4529 North Illinois St.",NA,"Belleville, IL 62226","f: 618.234.5230","p: 618.277.6668","IL","Lakeland Square, 4529 North Illinois St."
"231","1124 Broadway--20","1124 Broadway",NA,"Gary, IN 46407","f: 219.886.0216","p: 219.886.0370","IN","1124 Broadway"
"232","125 N Weinbach #120--12","125 N Weinbach #120",NA,"Evansville, IN 47711","f: 812.473.4992","p: 812.473.4990","IN","125 N Weinbach #120"
"233","2424 Franklin Street--52","2424 Franklin Street","Suite #101","Michigan City, IN 46360","f: 219.809.9529","p: 219.872.7215","IN","2424 Franklin Street"
"234","2708 Paoli Pike Pl., Suite J--61","2708 Paoli Pike Pl., Suite J",NA,"New Albany, IN 47150","f: 812.944.3237","p: 812.945.4844","IN","2708 Paoli Pike Pl., Suite J"
"235","3005 Grape Rd., Ste. B--57","3005 Grape Rd., Ste. B",NA,"Mishawaka, IN 46545","f: 574.259.5761","p: 574.255.9555","IN","3005 Grape Rd., Ste. B"
"236","3200 Sycamore Court #2C--4","3200 Sycamore Court #2C",NA,"Columbus, IN 47203","f: 812.372.4185","p: 812.376.3045","IN","3200 Sycamore Court #2C"
"237","357 Tanger Blvd #302--65","357 Tanger Blvd #302",NA,"Seymour, IN 47274","f: 812.524.0598","p: 812.522.8789","IN","357 Tanger Blvd #302"
"238","3750 N Meridian St., #100--36","3750 N Meridian St., #100",NA,"Indianapolis, IN 46208","f: 317.927.3664","p: 317.925.6747","IN","3750 N Meridian St., #100"
"239","3914 West Jefferson Blvd--16","3914 West Jefferson Blvd",NA,"Fort Wayne, IN 46804","f: 260.423.2692","p: 260.423.1322","IN","3914 West Jefferson Blvd"
"240","421 S College Ave--1","421 S College Ave",NA,"Bloomington, IN 47403","f: 812.330.7352","p: 812.336.0219","IN","421 S College Ave"
"241","505 S. 3rd Street, Ste. 160--8","505 S. 3rd Street, Ste. 160",NA,"Elkhart, IN 46516","f: 574.293.5479","p: 574.294.7561","IN","505 S. 3rd Street, Ste. 160"
"242","7131 Indianapolis Blvd.--24","7131 Indianapolis Blvd.",NA,"Hammond, IN 46324","f: 219.845.5937","p: 219.845.0848","IN","7131 Indianapolis Blvd."
"243","8590 Georgetown Road--32","8590 Georgetown Road",NA,"Indianapolis, IN 46268","f: 317.872.3188","p: 317.872.3115","IN","8590 Georgetown Road"
"244","8645 Connecticut Street--48","8645 Connecticut Street",NA,"Merrillville, IN 46410","f: 219.791.0538","p: 219.769.3500","IN","8645 Connecticut Street"
"245","935 E Hanna Ave Suite A--40","935 E Hanna Ave Suite A",NA,"Indianapolis, IN 46227","f: 317.780.0860","p: 317.788.0396","IN","935 E Hanna Ave Suite A"
"246","9385 E Washington Street--28","9385 E Washington Street",NA,"Indianapolis, IN 46229","f: 317.895.0653","p: 317.899.4731","IN","9385 E Washington Street"
"247","964 Mezzanine Dr.--44","964 Mezzanine Dr.",NA,"Lafayette, IN 47905","f: 765.446.8160","p: 765.446.8078","IN","964 Mezzanine Dr."
"248","2226 E Central--4","2226 E Central","","Wichita, KS 67214","f: 316.263.4942","p: 316.263.7575","KS","2226 E Central"
"249","4401 W 109th Street #100--1","4401 W 109th Street #100","","Overland Park, KS 66211","f: 913.345.2820","p: 913.345.1400","KS","4401 W 109th Street #100"
"250","268 Southland Drive--1","268 Southland Drive","Suite 120","Lexington, KY 40503","f: 859.252.5955","p: 859.252.8494","KY","268 Southland Drive"
"251","842 South 7th Street--5","842 South 7th Street",NA,"Louisville, KY 40203","f: 502.657.0228","p: 502.584.2473","KY","842 South 7th Street"
"252","3955 Government Street, Ste. 2--1","3955 Government Street, Ste. 2",NA,"Baton Rouge, LA 70806","f: 404.494.7435","p: 225.387.1167","LA","3955 Government Street, Ste. 2"
"253","4636 S Claiborne Ave--4","4636 S Claiborne Ave","Ste 100","New Orleans, LA 70125","f: 404.494.7435","p: 504.897.9200","LA","4636 S Claiborne Ave"
"254","1055 Commonwealth Avenue--1","1055 Commonwealth Avenue",NA,"Boston, MA 02215","f: 617.616.1617","p: 800.258.4448","MA","1055 Commonwealth Avenue"
"255","3550 Main Street, Suite 201--13","3550 Main Street, Suite 201",NA,"Springfield, MA 01107","f: 413.739.5812","p: 800.258.4448","MA","3550 Main Street, Suite 201"
"256","391 Main Street--4","391 Main Street",NA,"Fitchburg, MA 01420","f: 508.970.1119","p: 800.258.4448","MA","391 Main Street"
"257","470 Pleasant Street --17","470 Pleasant Street ",NA,"Worcester, MA 01609","f: 508.854.3310","p: 800.258.4448","MA","470 Pleasant Street "
"258","91 Main Street--8","91 Main Street","Suite 103","Marlborough, MA 01752","f: 508.970.1119","p: 800.258.4448","MA","91 Main Street"
"259","1400 Spring Street #450--26","1400 Spring Street #450",NA,"Silver Spring, MD 20910","f: 301.608.0098","p: 301.608.3448","MD","1400 Spring Street #450"
"260","170 Thomas Johnson Drive--12","170 Thomas Johnson Drive","Suite 100","Frederick, MD 21702","f: 301.620.9442","p: 410.576.1414","MD","170 Thomas Johnson Drive"
"261","1714 Joan Ave--34","1714 Joan Ave","Loch Ridge Shopping Center","Towson, MD 21234","f: 410.665.6524","p: 410.576.1414","MD","1714 Joan Ave"
"262","19650 Clubhouse Road #104--17","19650 Clubhouse Road #104",NA,"Gaithersburg, MD 20879","f: 301.208.8699","p: 301.208.1300","MD","19650 Clubhouse Road #104"
"263","330 North Howard Street--4","330 North Howard Street",NA,"Baltimore, MD 21201","f: 410.783.2647","p: 410.576.1414","MD","330 North Howard Street"
"264","3975 St. Charles Parkway--39","3975 St. Charles Parkway","Gateway Plaza E-3 & E-4","Waldorf, MD 20602","f: 301.645.8696","p: 410.576.1414","MD","3975 St. Charles Parkway"
"265","5001 Silver Hill Road--30","5001 Silver Hill Road",NA,"Suitland, MD 20746","f: ","p: 301.241.0590","MD","5001 Silver Hill Road"
"266","8579 Commerce Drive #102--8","8579 Commerce Drive #102",NA,"Easton, MD 21601","f: 410.820.9674","p: 410.576.1414","MD","8579 Commerce Drive #102"
"267","9129 Reisterstown Road--21","9129 Reisterstown Road","Valley Village Shopping Center","Owings Mills, MD 21117","f: 410.581.9105","p: 410.576.1414","MD","9129 Reisterstown Road"
"268","929 West Street #305--1","929 West Street #305",NA,"Annapolis, MD 21401","f: 410.267.9147","p: 410.576.1414","MD","929 West Street #305"
"269","275 Main St, Suite 102--1","275 Main St, Suite 102",NA,"Biddeford, ME 04005","f: 207.283.4408","p: 207.282.6620","ME","275 Main St, Suite 102"
"270","4 Bowdoin Mill Island--13","4 Bowdoin Mill Island","Suite 101","Topsham, ME 04086","f: 207.729.6117","p: 207.725.8264","ME","4 Bowdoin Mill Island"
"271","443 Congress Street--4","443 Congress Street","2nd Floor","Portland, ME 04101","f: 207.773.1697","p: 207.797.8881","ME","443 Congress Street"
"272","886 Main Street, Ste. 302 --9","886 Main Street, Ste. 302 ",NA,"Sanford, ME 04073","f: 207.324.2818","p: 207.324.9385","ME","886 Main Street, Ste. 302 "
"273","1003 Spring St.--61","1003 Spring St.",NA,"Petoskey, MI 49770","f: 231.348.1908","p: 231.347.9692","MI","1003 Spring St."
"274","110 Sanborn Ave., Suite B--12","110 Sanborn Ave., Suite B",NA,"Big Rapids, MI 49307","f: 231.796.6305","p: 231.796.8612","MI","110 Sanborn Ave., Suite B"
"275","1135 E. Eighth St.--70","1135 E. Eighth St.",NA,"Traverse City, MI 49686","f: 231.929.2084","p: 231.929.1844","MI","1135 E. Eighth St."
"276","1161 East Napier Ave.--8","1161 East Napier Ave.",NA,"Benton Harbor, MI 49022","f: 269.926.2530","p: 269.926.2042","MI","1161 East Napier Ave."
"277","1219 N. Third St.--53","1219 N. Third St.",NA,"Marquette, MI 49855","f: 906.225.5074","p: 906.225.5070","MI","1219 N. Third St."
"278","2009 W. Michigan Ave.--37","2009 W. Michigan Ave.",NA,"Jackson, MI 49202","f: 517.784.2441","p: 517.784.1700","MI","2009 W. Michigan Ave."
"279","209 E. Apple Ave.--57","209 E. Apple Ave.",NA,"Muskegon, MI 49442","f: 231.724.3115","p: 231.724.4415","MI","209 E. Apple Ave."
"280","23338 Woodward Ave.--25","23338 Woodward Ave.",NA,"Ferndale, MI 48220","f: 248.399.5959","p: 248.399.5900","MI","23338 Woodward Ave."
"281","2370 W. Stadium Blvd.--4","2370 W. Stadium Blvd.",NA,"Ann Arbor, MI 48103","f: 734.929.9482","p: 734.929.9480","MI","2370 W. Stadium Blvd."
"282","2650 N. McLeod Drive--65","2650 N. McLeod Drive","PO Box 5877","Saginaw, MI 48604","f: 989.249.8616","p: 989.249.7736","MI","2650 N. McLeod Drive"
"283","29350 Van Dyke Ave.--74","29350 Van Dyke Ave.",NA,"Warren, MI 48093","f: 586.558.0003","p: 586.558.0101","MI","29350 Van Dyke Ave."
"284","300 N. Clippert, Ste. 6--45","300 N. Clippert, Ste. 6",NA,"Lansing, MI 48912","f: 517.351.6608","p: 517.351.0550","MI","300 N. Clippert, Ste. 6"
"285","3100 Professional Drive--1","3100 Professional Drive",NA,"Ann Arbor, MI 48104","f: 734.973.2428","p: 734.973.0710","MI","3100 Professional Drive"
"286","3641 Byron Center Ave. SW--78","3641 Byron Center Ave. SW",NA,"Wyoming, MI 49519","f: 616.531.2685","p: 616.531.3070","MI","3641 Byron Center Ave. SW"
"287","37625 Ann Arbor Road #107--49","37625 Ann Arbor Road #107",NA,"Livonia, MI 48150","f: 734.591.9910","p: 734.591.6544","MI","37625 Ann Arbor Road #107"
"288","4201 W Michigan Ave--41","4201 W Michigan Ave",NA,"Kalamazoo, MI 49006","f: 269.372.1279","p: 269.372.1200","MI","4201 W Michigan Ave"
"289","4229 Cass Ave.--21","4229 Cass Ave.",NA,"Detroit, MI 48201","f: 313.831.4699","p: 313.831.7776","MI","4229 Cass Ave."
"290","425 Cherry St. SE--33","425 Cherry St. SE",NA,"Grand Rapids, MI 49503","f: 616.224.8754","p: 616.459.3101","MI","425 Cherry St. SE"
"291","G-1235 S. Center Road--16","G-1235 S. Center Road","Unit 17","Burton, MI 48509","f: 810.600.0053","p: 810.743.4490","MI","G-1235 S. Center Road"
"292","G-3371 Beecher Road--29","G-3371 Beecher Road",NA,"Flint, MI 48532","f: 810.234.5206","p: 810.238.3631","MI","G-3371 Beecher Road"
"293","1001 East Central Entrance, Suite 200--16","1001 East Central Entrance, Suite 200","","Duluth, MN 55811","f: 218.720.6619","p: 218.722.0833","MN","1001 East Central Entrance, Suite 200"
"294","1103 Broadway, Suite 110--1","1103 Broadway, Suite 110","","Alexandria, MN 56308","f: 320.762.8418","p: 320.762.0766","MN","1103 Broadway, Suite 110"
"295","1200 Lagoon Avenue--32","1200 Lagoon Avenue","","Minneapolis, MN 55408","f: 612.821.0273","p: 612.823.6300","MN","1200 Lagoon Avenue"
"296","1212 7th St. NW--44","1212 7th St. NW","","Rochester, MN 55901","f: 507.288.3576","p: 507.288.5186","MN","1212 7th St. NW"
"297","1404 NW 4th Street--24","1404 NW 4th Street","","Grand Rapids, MN 55744","f: 218.327.7988","p: 218.326.6689","MN","1404 NW 4th Street"
"298","15322 Galaxie Avenue, Suite 105--4","15322 Galaxie Avenue, Suite 105","","Apple Valley, MN 55124","f: 952.894.7669","p: 952.890.0940","MN","15322 Galaxie Avenue, Suite 105"
"299","1795 Radio Drive,  Suite D--68","1795 Radio Drive,  Suite D","","Woodbury, MN 55125","f: 651.696.5551","p: 651.696.5550","MN","1795 Radio Drive,  Suite D"
"300","201 North Victory Drive, Suite 211, Belle Mar Mall--28","201 North Victory Drive, Suite 211, Belle Mar Mall","","Mankato, MN 56001","f: 507.387.1225","p: 507.387.5581","MN","201 North Victory Drive, Suite 211, Belle Mar Mall"
"301","2320 E. Highway 12, Suite 6--64","2320 E. Highway 12, Suite 6","","Willmar, MN 56201","f: 320.235.9151","p: 320.235.9150","MN","2320 E. Highway 12, Suite 6"
"302","2504 Hannah Ave NW--8","2504 Hannah Ave NW","","Bemidji, MN 56601","f: 218.751.8685","p: 218.751.8683","MN","2504 Hannah Ave NW"
"303","451 E. St. Germain St, Suite 100--48","451 E. St. Germain St, Suite 100","","St. Cloud, MN 56304","f: 320.252.4710","p: 320.252.9504","MN","451 E. St. Germain St, Suite 100"
"304","505 12th Avenue West--60","505 12th Avenue West","","Virginia, MN 55792","f: 218.741.8193","p: 218.741.8192","MN","505 12th Avenue West"
"305","582 Prairie Center Dr., Suite 215--20","582 Prairie Center Dr., Suite 215","","Eden Prairie, MN 55344","f: 952.653.4498","p: 952.653.4499","MN","582 Prairie Center Dr., Suite 215"
"306","6527 Lyndale Avenue South--40","6527 Lyndale Avenue South","","Richfield, MN 55423","f: 612.874.7596","p: 612.874.1420","MN","6527 Lyndale Avenue South"
"307","671 Vandalia St.--56","671 Vandalia St.","","St. Paul, MN 55114","f: 651.696.5544","p: 651.698.2406","MN","671 Vandalia St."
"308","6900 78th Ave N., Suite 103--12","6900 78th Ave N., Suite 103","","Brooklyn Park, MN 55445","f: 763.560.0743","p: 763.560.3050","MN","6900 78th Ave N., Suite 103"
"309","803 Belsly Boulevard--36","803 Belsly Boulevard","","Moorhead, MN 56560","f: 218.236.7436","p: 218.236.7145","MN","803 Belsly Boulevard"
"310","91 Viking Drive West--52","91 Viking Drive West","","St. Paul, MN 55117","f: 651.489.4127","p: 651.489.1328","MN","91 Viking Drive West"
"311","#1 Stonegate Center--25","#1 Stonegate Center",NA,"Manchester, MO 63088","f: 636.431.0035","p: 636.431.0030","MO","#1 Stonegate Center"
"312","1001 Emanuel Cleaver II Blvd.--21","1001 Emanuel Cleaver II Blvd.",NA,"Kansas City, MO 64110","f: 816.756.0611","p: 816.756.2277","MO","1001 Emanuel Cleaver II Blvd."
"313","208 Mid Rivers Mall Center Dr.--45","208 Mid Rivers Mall Center Dr.",NA,"St. Peters, MO 63376","f: 636.279.2236","p: 636.279.3339","MO","208 Mid Rivers Mall Center Dr."
"314","2900 NE 60th Street Suite 100--8","2900 NE 60th Street Suite 100",NA,"Gladstone, MO 64119","f: 816.453.2256","p: 816.453.6000","MO","2900 NE 60th Street Suite 100"
"315","3401 South Grand--41","3401 South Grand",NA,"St. Louis, MO 63118","f: 314.865.0535","p: 314.865.1850","MO","3401 South Grand"
"316","4251 Forest Park Avenue--33","4251 Forest Park Avenue",NA,"St. Louis, MO 63108","f: 314.533.1586","p: 314.531.7526","MO","4251 Forest Park Avenue"
"318","626 E Battlefield St.--29","626 E Battlefield St.",NA,"Springfield, MO 65807","f: 417.883.3994","p: 417.883.3800","MO","626 E Battlefield St."
"319","710 Illinois Ave--17","710 Illinois Ave",NA,"Joplin, MO 64801","f: 417.781.3660","p: 417.781.6500","MO","710 Illinois Ave"
"320","711 N Providence Road--1","711 N Providence Road",NA,"Columbia, MO 65203","f: 573.443.5671","p: 573.443.0427","MO","711 N Providence Road"
"321","815 N Noland Road--12","815 N Noland Road","Suite #6","Independence, MO 64050","f: 816.252.1014","p: 816.252.3800","MO","815 N Noland Road"
"322","Surrey Plaza II, 2796-98 North Hwy 67--4","Surrey Plaza II, 2796-98 North Hwy 67",NA,"Florissant, MO 63033","f: 314.921.5165","p: 314.921.4445","MO","Surrey Plaza II, 2796-98 North Hwy 67"
"323","214 South 27th Avenue--1","214 South 27th Avenue","","Hattiesburg, MS 39401","f: 601.268.1222","p: 251.342.6695","MS","214 South 27th Avenue"
"324","100 West Wicks Lane--1","100 West Wicks Lane","","Billings, MT 59105","f: 406.294.8643","p: 406.869.5040","MT","100 West Wicks Lane"
"325","1500 Cannon--12","1500 Cannon","","Helena, MT 59601","f: 406.457.2381","p: 406.443.7676","MT","1500 Cannon"
"326","1844 Broadwater #4--4","1844 Broadwater #4","","Billings, MT 59102","f: 406.656.9928","p: 406.656.9980","MT","1844 Broadwater #4"
"327","211 9th Street South--8","211 9th Street South","","Great Falls, MT 59405","f: 406.454.3433","p: 406.454.3431","MT","211 9th Street South"
"328","219 East Main Street--16","219 East Main Street","","Missoula, MT 59802","f: 406.728.5497","p: 406.728.5490","MT","219 East Main Street"
"329","100 S Boylan Ave.--25","100 S Boylan Ave.",NA,"Raleigh, NC 27603","f: 919.832.9061","p: 919.833.7526","NC","100 S Boylan Ave."
"330","105 Newsom Street, Ste. 101--13","105 Newsom Street, Ste. 101",NA,"Durham, NC 27704","f: 919.433.0360","p: 919.286.2872","NC","105 Newsom Street, Ste. 101"
"331","1704 Battleground Ave--21","1704 Battleground Ave",NA,"Greensboro, NC 27408","f: 336.275.3127","p: 336.373.0678","NC","1704 Battleground Ave"
"332","1765 Dobbins Drive--4","1765 Dobbins Drive","PO Box 3258","Chapel Hill, NC 27514","f: 919.933.5270","p: 919.942.7762","NC","1765 Dobbins Drive"
"333","1925 Tradd Court--29","1925 Tradd Court",NA,"Wilmington, NC 28401","f: 910.762.4088","p: 910.762.5566","NC","1925 Tradd Court"
"334","3000 Maplewood Ave, Ste. 112--33","3000 Maplewood Ave, Ste. 112",NA,"Winston-Salem, NC 27103","f: 336.765.6599","p: 336.768.2980","NC","3000 Maplewood Ave, Ste. 112"
"335","4551 Yadkin Rd--17","4551 Yadkin Rd",NA,"Fayetteville, NC 28303","f: 910.401.0845","p: 866.942.7762","NC","4551 Yadkin Rd"
"336","4822 Albemarle Road #103 and #104&106 (Admin)--9","4822 Albemarle Road #103 and #104&106 (Admin)",NA,"Charlotte, NC 28205","f: 704.536.7581","p: 704.536.7233","NC","4822 Albemarle Road #103 and #104&106 (Admin)"
"337","68 McDowell St--1","68 McDowell St",NA,"Asheville, NC 28801","f: 828.253.1891","p: 828.252.7928","NC","68 McDowell St"
"338","3105 N. 93rd St--5","3105 N. 93rd St",NA,"Omaha, NE 68134","f: 402.496.0489","p: 877.811.7526","NE","3105 N. 93rd St"
"339","5631 S. 48th Street--1","5631 S. 48th Street","Suite 100","Lincoln, NE 68516","f: 402.441.3337","p: 877.811.7526","NE","5631 S. 48th Street"
"340","108 High Street--8","108 High Street","","Exeter, NH 03833","f: 603.772.8091","p: 603.772.9315","NH","108 High Street"
"341","136 Pleasant St.--1","136 Pleasant St.","","Claremont, NH 03743","f: 603.542.4438","p: 603.542.4568","NH","136 Pleasant St."
"342","24 Pennacook Street--16","24 Pennacook Street","","Manchester, NH 03104","f: 603.621.0097","p: 603.669.7321","NH","24 Pennacook Street"
"343","4 Birch Street--4","4 Birch Street","","Derry, NH 03038","f: 603.434.4290","p: 603.434.1354","NH","4 Birch Street"
"344","8 Middle Street--12","8 Middle Street","","Keene, NH 03431","f: 603.352.0682","p: 603.352.6898","NH","8 Middle Street"
"345","10B Industrial Drive--61","10B Industrial Drive",NA,"New Brunswick, NJ 08901","f: 732.846.8799","p: 732.246.2411","NJ","10B Industrial Drive"
"346","1150 Dickinson Street--22","1150 Dickinson Street",NA,"Elizabeth, NJ 07201","f: 908.353.6822","p: 908.351.5384","NJ","1150 Dickinson Street"
"347","12 Snowhill St, Snowhill Plaza, Ste. 3--100","12 Snowhill St, Snowhill Plaza, Ste. 3",NA,"Spotswood, NJ 08884","f: 732.723.2448","p: 732.723.9192","NJ","12 Snowhill St, Snowhill Plaza, Ste. 3"
"348","123 Park Ave--86","123 Park Ave",NA,"Plainfield, NJ 07060","f: 908.756.9272","p: 908.756.3736","NJ","123 Park Ave"
"349","196 Speedwell Ave--57","196 Speedwell Ave",NA,"Morristown, NJ 07960","f: 973.539.0055","p: 973.539.1364","NJ","196 Speedwell Ave"
"350","2000 Pennington Road--30","2000 Pennington Road","Eickhoff Hall, The College of New Jersey","Ewing, NJ 08628","f: 609.637.5131","p: 609.771.2110","NJ","2000 Pennington Road"
"351","2279 State Highway 33--48","2279 State Highway 33","Golden Crest Corporate Center - Suite 510","Hamilton Square, NJ 08690","f: 609.587.0802","p: 609.599.4881","NJ","2279 State Highway 33"
"352","240 Mulberry Street--69","240 Mulberry Street","Floor 1","Newark, NJ 07102","f: 973.596.6307","p: 973.622.3900","NJ","240 Mulberry Street"
"353","29 N Fullerton Ave--53","29 N Fullerton Ave",NA,"Montclair, NJ 07042","f: 973-746-8899","p: 973-746-7116","NJ","29 N Fullerton Ave"
"354","2922 Atlantic Ave--1","2922 Atlantic Ave","2nd floor","Atlantic City, NJ 08401","f: 609.345.4290","p: 609.437.2020","NJ","2922 Atlantic Ave"
"355","317 Broadway--9","317 Broadway",NA,"Camden, NJ 08103","f: 856.365.9215","p: 856.365.3519","NJ","317 Broadway"
"356","349 Rt 31 South--35","349 Rt 31 South","Countryside Plaza, Building B, Suite 503","Flemington, NJ 08822","f: 908.806.8729","p: 908.782.7727","NJ","349 Rt 31 South"
"357","35 East Browning Road--5","35 East Browning Road",NA,"Bellmawr, NJ 08031","f: 856.931.6970","p: 856.365.3519","NJ","35 East Browning Road"
"358","437 East State Street--104","437 East State Street",NA,"Trenton, NJ 08608","f: 609.599.3738","p: 609.599.4881","NJ","437 East State Street"
"359","450 Market Street--82","450 Market Street",NA,"Perth Amboy, NJ 08861","f: 732.442.7150","p: 732.442.4499","NJ","450 Market Street"
"360","46 N Van Brunt Street--26","46 N Van Brunt Street",NA,"Englewood, NJ 07631","f: 201.568.4986","p: 201.894.0966","NJ","46 N Van Brunt Street"
"361","560 Dr. Martin Luther King Blvd., Ste. 100--18","560 Dr. Martin Luther King Blvd., Ste. 100",NA,"East Orange, NJ 07018","f: 973.674.5581","p: 973.674.4343","NJ","560 Dr. Martin Luther King Blvd., Ste. 100"
"362","575 Main Street--44","575 Main Street",NA,"Hackensack, NJ 07601","f: 201.489.8077","p: 201.489.1140","NJ","575 Main Street"
"363","66 East Washington Avenue--108","66 East Washington Avenue",NA,"Washington, NJ 07882","f: 908.689.3273","p: 908.454.3000","NJ","66 East Washington Avenue"
"364","680 Broadway--78","680 Broadway",NA,"Paterson, NJ 07505","f: 973.345.4250","p: 973.345.3883","NJ","680 Broadway"
"365","69 East Newman Springs Road--95","69 East Newman Springs Road","PO Box 95","Shrewsbury, NJ 07702","f: 732.842.9338","p: 732.842.9300","NJ","69 East Newman Springs Road"
"366","70 Adams St, Suite 13--65","70 Adams St, Suite 13",NA,"Newark, NJ 07105","f: 973.465.5779","p: 973.465.7707","NJ","70 Adams St, Suite 13"
"367","8 Moran Street--74","8 Moran Street",NA,"Newton, NJ 07860","f: 973.862.6670","p: 973.383.5218","NJ","8 Moran Street"
"368","800 W Main Street--40","800 W Main Street",NA,"Freehold, NJ 07728","f: 732.431.4846","p: 732.431.1717","NJ","800 W Main Street"
"369","8008 Route 130N--13","8008 Route 130N","Building B,  Suite 305","Delran, NJ 08075","f: 609.871.4220","p: 856.365.3519","NJ","8008 Route 130N"
"370","Stockton College--90","Stockton College","West Quad Building, Suite 108","Pomona, NJ 08240","f: 609.626.5586","p: 856.365.3519","NJ","Stockton College"
"371","2804 E 20th Street--12","2804 E 20th Street",NA,"Farmington, NM 87401","f: 505.325.0933","p: 505.327.0451","NM","2804 E 20th Street"
"372","3625 Central NE--1","3625 Central NE",NA,"Albuquerque, NM 87108","f: 505.265.3724","p: 505.265.3722","NM","3625 Central NE"
"373","4300 Ridgecrest Dr--16","4300 Ridgecrest Dr","Suite P","Rio Rancho, NM 87124","f: 505.891.2105","p: 505.899.7900","NM","4300 Ridgecrest Dr"
"374","701 San Mateo NE--8","701 San Mateo NE",NA,"Albuquerque, NM 87108","f: 505.268.4350","p: 505.265.9511","NM","701 San Mateo NE"
"375","730 St. Michael's Drive, Suite 4B--21","730 St. Michael's Drive, Suite 4B",NA,"Santa Fe, NM 87505","f: 505.982.7204","p: 505.982.3684","NM","730 St. Michael's Drive, Suite 4B"
"376","9809 Candelaria Road NE--4","9809 Candelaria Road NE",NA,"Albuquerque, NM 87112","f: 505.294.0182","p: 505.294.1577","NM","9809 Candelaria Road NE"
"377","3220 W Charleston Blvd.--4","3220 W Charleston Blvd.","","Las Vegas, NV 89102","f: 702.878.7078","p: 702.878.7776","NV","3220 W Charleston Blvd."
"378","3300 E Flamingo Rd #25--1","3300 E Flamingo Rd #25","","Las Vegas, NV 89121","f: 702.547.9988","p: 702.547.9888","NV","3300 E Flamingo Rd #25"
"379","455 W. 5th Street--8","455 W. 5th Street","","Reno, NV 89503","f: 775.688.5555","p: 775.688.5555","NV","455 W. 5th Street"
"380","1040 State Street--182","1040 State Street",NA,"Schenectady, NY 12307","f: 518.382.5753","p: 518.374.5353","NY","1040 State Street"
"381","106 W. Fourth Street--214","106 W. Fourth Street",NA,"Watkins Glen, NY 14891","f: 607.535.5040","p: 607.535.0030","NY","106 W. Fourth Street"
"382","109 Legion Drive--36","109 Legion Drive",NA,"Cobleskill, NY 12043","f: 518.234.4277","p: 518.234.3325","NY","109 Legion Drive"
"383","110 School Street--48","110 School Street",NA,"Glen Cove, NY 11542","f: 516.674.4248","p: 516.750.2500","NY","110 School Street"
"384","111 E. Chestnut Street, Ste. 205--170","111 E. Chestnut Street, Ste. 205",NA,"Rome, NY 13440","f: 315.339.1434","p: 315.337.8584","NY","111 E. Chestnut Street, Ste. 205"
"385","111 Seneca Street--64","111 Seneca Street",NA,"Hornell, NY 14843","f: 607.324.2666","p: 607.324.1124","NY","111 Seneca Street"
"386","1120 E Genesee Street--198","1120 E Genesee Street",NA,"Syracuse, NY 13210","f: 315.475.0685","p: 315.475.5540","NY","1120 E Genesee Street"
"387","114 University Avenue--166","114 University Avenue",NA,"Rochester, NY 14605","f: 585.454.7001","p: 585.546.2595","NY","114 University Avenue"
"388","135 Walnut Street--40","135 Walnut Street",NA,"Corning, NY 14830","f: 607.962.7520","p: 607.962.4686","NY","135 Walnut Street"
"389","135 Warren Street--52","135 Warren Street",NA,"Glens Falls, NY 12801","f: 518.798.7458","p: 518.792.0994","NY","135 Warren Street"
"390","136 Lake Street, Suite11--117","136 Lake Street, Suite11",NA,"Newburgh, NY 12550","f: 845.471.1644","p: 845.562.7800","NY","136 Lake Street, Suite11"
"391","14 Prince Street--100","14 Prince Street","PO Box 1376","Monticello, NY 12701","f: 845.471.1644","p: 845.562.7800","NY","14 Prince Street"
"392","1424 Genesee Street--206","1424 Genesee Street",NA,"Utica, NY 13502","f: 315.724.0308","p: 315.724.6146","NY","1424 Genesee Street"
"393","15 LaFayette Avenue--24","15 LaFayette Avenue",NA,"Canandaigua, NY 14424","f: 585.396.9027","p: 585.546.2595","NY","15 LaFayette Avenue"
"394","15 Webster Street--129","15 Webster Street",NA,"North Tonawanda, NY 14120","f: 716.692.6872","p: 716.831.2200","NY","15 Webster Street"
"395","160 Stone Street--210","160 Stone Street",NA,"Watertown, NY 13601","f: 315.222.7432","p: 315.788.8065","NY","160 Stone Street"
"396","1673 Route 9--32","1673 Route 9",NA,"Clifton Park, NY 12065","f: 518.383.5797","p: 518.383.1783","NY","1673 Route 9"
"397","17 Noxon Street--150","17 Noxon Street",NA,"Poughkeepsie, NY 12601","f: 845.471.1644","p: 845.562.7800","NY","17 Noxon Street"
"398","175 Tarrytown Road--226","175 Tarrytown Road",NA,"White Plains, NY 10607","f: 914.287.0184","p: 914.761.6566","NY","175 Tarrytown Road"
"399","180 Sunrise Highway--218","180 Sunrise Highway",NA,"West Islip, NY 11795","f: 631.893.0146","p: 631.893.0150","NY","180 Sunrise Highway"
"400","190 Fairview Ave--68","190 Fairview Ave",NA,"Hudson, NY 12534","f: 518.828.5209","p: 518.828.4675","NY","190 Fairview Ave"
"401","20 S Broadway--230","20 S Broadway",NA,"Yonkers, NY 10701","f: 914.965.8129","p: 914.965.1912","NY","20 S Broadway"
"402","200 Broadway--202","200 Broadway",NA,"Troy, NY 12180","f: 518.274.5646","p: 518.434.5678","NY","200 Broadway"
"403","21 Grand Street--84","21 Grand Street",NA,"Kingston, NY 12401","f: 845.471.1644","p: 845.562.7800","NY","21 Grand Street"
"404","21-41 45th Rd --154","21-41 45th Rd ",NA,"Queens, NY 11101","f: ","p: 212.965.7000","NY","21-41 45th Rd "
"405","222 W Main Street--8","222 W Main Street",NA,"Batavia, NY 14020","f: 585.344.2831","p: 585.546.2595","NY","222 W Main Street"
"406","23 Hyatt Street --194","23 Hyatt Street ",NA,"Staten Island, NY 10301","f: ","p: 212.965.7000","NY","23 Hyatt Street "
"407","236 Washington Street--178","236 Washington Street",NA,"Saratoga Springs, NY 12866","f: 518.484.0222","p: 518.584.0041","NY","236 Washington Street"
"408","246 W. Main Street Suites 1 and 2--92","246 W. Main Street Suites 1 and 2",NA,"Malone, NY 12953","f: 518.536.9059","p: 518.483.7150","NY","246 W. Main Street Suites 1 and 2"
"409","247-249 North Ave--109","247-249 North Ave",NA,"New Rochelle, NY 10801","f: 914.632.4625","p: 914.632.4442","NY","247-249 North Ave"
"410","25 Perlman Drive--190","25 Perlman Drive",NA,"Spring Valley, NY 10977","f: 845.426.6006","p: 845.426.7577","NY","25 Perlman Drive"
"411","26 Bleecker Street--113","26 Bleecker Street",NA,"New York, NY 10012","f: 212.965.6981","p: 212.965.7000","NY","26 Bleecker Street"
"412","2697 Main Street--20","2697 Main Street",NA,"Buffalo, NY 14214","f: 716.831.8836","p: 716.831.2200","NY","2697 Main Street"
"413","2824 W Ridge Road --162","2824 W Ridge Road ",NA,"Rochester, NY 14626","f: 585.227.2463","p: 585.546.2595","NY","2824 W Ridge Road "
"414","349 E 149th Street, 2nd Floor (next to Citibank)--12","349 E 149th Street, 2nd Floor (next to Citibank)",NA,"Bronx, NY 10451","f: 718.585.8275","p: 212.965.7000","NY","349 E 149th Street, 2nd Floor (next to Citibank)"
"415","35 Carmans Road--96","35 Carmans Road",NA,"Massapequa, NY 11758","f: 516.598.0460","p: 516.750.2500","NY","35 Carmans Road"
"416","400 North Perry Street--80","400 North Perry Street",NA,"Johnstown, NY 12095","f: 518.736.1935","p: 518.736.1911","NY","400 North Perry Street"
"417","41 St. Bernard St.--174","41 St. Bernard St.",NA,"Saranac Lake, NY 12983","f: 518.536.9067","p: 518.891.0046","NY","41 St. Bernard St."
"418","419 Ford Street--133","419 Ford Street",NA,"Ogdensburg, NY 13669","f: 315.222.7439","p: 315.393.6544","NY","419 Ford Street"
"419","44 Court Street, 6th Floor--16","44 Court Street, 6th Floor",NA,"Brooklyn, NY 11201","f: 212.965.7181","p: 212.965.7000","NY","44 Court Street, 6th Floor"
"420","450 Waverly Ave--141","450 Waverly Ave","Suite 4","Patchogue, NY 11772","f: 631.289.6484","p: 631.475.5705","NY","450 Waverly Ave"
"421","4803 State Highway/30 KEM Plaza--4","4803 State Highway/30 KEM Plaza",NA,"Amsterdam, NY 12010","f: 518.842.0376","p: 518.842.0285","NY","4803 State Highway/30 KEM Plaza"
"422","540 Fulton Ave--60","540 Fulton Ave",NA,"Hempstead, NY 11550","f: 516.483.3556","p: 516.750.2500","NY","540 Fulton Ave"
"423","550 E Main Street, Ste. 100--158","550 E Main Street, Ste. 100",NA,"Riverhead, NY 11901","f: 631.369.5582","p: 631.369.0230","NY","550 E Main Street, Ste. 100"
"424","6 Gramatan Avenue, 4th Floor--105","6 Gramatan Avenue, 4th Floor",NA,"Mt. Vernon, NY 10550","f: 914.668.7967","p: 914.668.7927","NY","6 Gramatan Avenue, 4th Floor"
"425","603 Seneca Street, Suite 5--137","603 Seneca Street, Suite 5",NA,"Oneida, NY 13421","f: 315.363.1017","p: 315.363.3950","NY","603 Seneca Street, Suite 5"
"426","620 West Seneca Street--76","620 West Seneca Street",NA,"Ithaca, NY 14850","f: 607.273.8776","p: 607.273.1513","NY","620 West Seneca Street"
"427","66 Brinkerhoff Street--146","66 Brinkerhoff Street",NA,"Plattsburgh, NY 12901","f: 518.536.9046","p: 518.561.4430","NY","66 Brinkerhoff Street"
"428","6951 Williams Road--125","6951 Williams Road",NA,"Niagara Falls, NY 14304","f: 716.205.0710","p: 716.831.2200","NY","6951 Williams Road"
"429","7 Coates Drive, Suite 4--56","7 Coates Drive, Suite 4",NA,"Goshen, NY 10924","f: 845.471.1644","p: 845.562.7800","NY","7 Coates Drive, Suite 4"
"430","70 Maple Ave--186","70 Maple Ave",NA,"Smithtown, NY 11787","f: 631.361.7678","p: 631.361.7526","NY","70 Maple Ave"
"431","7398 Turin Rd--88","7398 Turin Rd",NA,"Lowville, NY 13367","f: 315.222.7445","p: 315.804.6174","NY","7398 Turin Rd"
"432","750 Portage Road--121","750 Portage Road",NA,"Niagara Falls, NY 14301","f: 716.282.1235","p: 716.831.2200","NY","750 Portage Road"
"433","755 E. Church Street--44","755 E. Church Street",NA,"Elmira, NY 14901","f: 607.734.3392","p: 607.734.3313","NY","755 E. Church Street"
"434","755 New York Ave--72","755 New York Ave",NA,"Huntington, NY 11743","f: 631.427.1381","p: 631.427.7154","NY","755 New York Ave"
"435","855 Central Ave.--1","855 Central Ave.",NA,"Albany, NY 12206","f: 518.434.0732","p: 518.434.5678","NY","855 Central Ave."
"436","9 Miner Street--28","9 Miner Street",NA,"Canton, NY 13617","f: 315.222.7435","p: 315.386.8821","NY","9 Miner Street"
"437","Wimbledon Plaza 240 Center Road--222","Wimbledon Plaza 240 Center Road",NA,"West Seneca, NY 14224","f: 716.675.1709","p: 716.831.2200","NY","Wimbledon Plaza 240 Center Road"
"438","1005 East State Street--4","1005 East State Street","Suite W","Athens, OH 45701","f: 740.593.8223","p: 740.593.6979","OH","1005 East State Street"
"439","1061 North Bechtle Avenue--92","1061 North Bechtle Avenue",NA,"Springfield, OH 45504","f: 937.325.5632","p: 937.325.7349","OH","1061 North Bechtle Avenue"
"440","11 Ludlow Street--65","11 Ludlow Street",NA,"Hamilton, OH 45011","f: 513.856.8931","p: 513.856.8332","OH","11 Ludlow Street"
"441","1301 Jefferson Ave--96","1301 Jefferson Ave",NA,"Toledo, OH 43604","f: 419.255.2500","p: 419.255.1115","OH","1301 Jefferson Ave"
"442","138 E Main Street--69","138 E Main Street","2nd Floor","Kent, OH 44240","f: 330.678.3877","p: 330.678.8011","OH","138 E Main Street"
"443","1511 West Broad Street--49","1511 West Broad Street",NA,"Columbus, OH 43222","f: 614.222.3608","p: 614.222.3525","OH","1511 West Broad Street"
"444","152 West Central Avenue--61","152 West Central Avenue",NA,"Delaware, OH 43015","f: 740.369.6276","p: 740.369.1766","OH","152 West Central Avenue"
"445","18 East 17th Avenue--53","18 East 17th Avenue",NA,"Columbus, OH 43201","f: 614.222.3612","p: 614.222.3604","OH","18 East 17th Avenue"
"446","200 W. 9th Street--74","200 W. 9th Street","YWCA Women's Center ","Lorain, OH 44052","f: 440.242.2089","p: 440.242.2087","OH","200 W. 9th Street"
"447","2016 Ferguson Road--33","2016 Ferguson Road",NA,"Cincinnati, OH 45238","f: 513.574.4382","p: 513.574.4348","OH","2016 Ferguson Road"
"448","20800 Center Ridge Road #101--88","20800 Center Ridge Road #101",NA,"Rocky River, OH 44116","f: 440.331.4245","p: 440.331.8744","OH","20800 Center Ridge Road #101"
"449","224 N Wilkinson Street--57","224 N Wilkinson Street",NA,"Dayton, OH 45402","f: 937.226.0355","p: 937.226.0780","OH","224 N Wilkinson Street"
"450","2314 Auburn Avenue--21","2314 Auburn Avenue",NA,"Cincinnati, OH 45219","f: 513.287.6496","p: 513.287.6488","OH","2314 Auburn Avenue"
"452","25350 Rockside Rd--13","25350 Rockside Rd",NA,"Bedford Heights, OH 44146","f: 440.374.4969","p: 440.232.9732","OH","25350 Rockside Rd"
"454","2663 Cleveland Ave NW--17","2663 Cleveland Ave NW",NA,"Canton, OH 44709","f: 330.456.9679","p: 330.456.7191","OH","2663 Cleveland Ave NW"
"455","290 Northland Blvd.--29","290 Northland Blvd.",NA,"Cincinnati, OH 45246","f: 513.772.2469","p: 513.772.2207","OH","290 Northland Blvd."
"456","3255 East Main Street--45","3255 East Main Street",NA,"Columbus, OH 43213","f: 614.222.3529","p: 614.222.3531","OH","3255 East Main Street"
"457","3311 Broadview Road--41","3311 Broadview Road",NA,"Cleveland, OH 44109","f: 216.661.2238","p: 216.661.0400","OH","3311 Broadview Road"
"458","334 E Milltown Road--105","334 E Milltown Road",NA,"Wooster, OH 44691","f: 330.345.7225","p: 330.345.7798","OH","334 E Milltown Road"
"459","375 North Park Ave NW, Suite 1--100","375 North Park Ave NW, Suite 1","Suite 1","Warren, OH 44481","f: 330.395.2231","p: 330.399.5104","OH","375 North Park Ave NW, Suite 1"
"460","384 Park Avenue W--79","384 Park Avenue W",NA,"Mansfield, OH 44906","f: 419.522.3629","p: 419.525.3075","OH","384 Park Avenue W"
"461","4018 Medina Road--83","4018 Medina Road","Suite C","Medina, OH 44256","f: 330.723.9677","p: 330.723.1300","OH","4018 Medina Road"
"462","444 West Exchange Street--1","444 West Exchange Street",NA,"Akron, OH 44302","f: 330.535.2987","p: 330.535.2671","OH","444 West Exchange Street"
"463","77 E Midlothian Blvd.--109","77 E Midlothian Blvd.",NA,"Youngstown, OH 44507","f: 330.788.8620","p: 330.788.2487","OH","77 E Midlothian Blvd."
"464","7997 Euclid Ave--37","7997 Euclid Ave",NA,"Cleveland, OH 44103","f: 216.707.9370","p: 216.851.1880","OH","7997 Euclid Ave"
"465","1007 S. Peoria Ave--12","1007 S. Peoria Ave","","Tulsa, OK 74120","f: 918.585.2642","p: 855.841.7526","OK","1007 S. Peoria Ave"
"467","3431 S. Boulevard, Suite 108--1","3431 S. Boulevard, Suite 108","","Edmond, OK 73013","f: 405.348.6708","p: 405.528.2157","OK","3431 S. Boulevard, Suite 108"
"468","6112 NW 63rd St--16","6112 NW 63rd St","","Warr Acres, OK 73132","f: 405.603.4886","p: 405.603.4884","OK","6112 NW 63rd St"
"469","6112 NW 63rd Street--20","6112 NW 63rd Street","","Warr Acres, OK 73132","f: 405-603-4886","p: 405-603-4884","OK","6112 NW 63rd Street"
"470","619 NW 23rd Street--4","619 NW 23rd Street","","Oklahoma City, OK 73103","f: 405.524.7427","p: 405.528.2157","OK","619 NW 23rd Street"
"471","12220 SW First St., Suite 200--4","12220 SW First St., Suite 200",NA,"Beaverton, OR 97005","f: 503.626.0953","p: 888.875.7820","OR","12220 SW First St., Suite 200"
"472","125 South Central--28","125 South Central","Suite 201","Medford, OR 97501","f: 541.773.1634","p: 541.773.8285","OR","125 South Central"
"473","14411 SE McLoughlin Blvd--33","14411 SE McLoughlin Blvd",NA,"Milwaukie, OR 97267","f: 503.788.7289","p: 888.875.7820","OR","14411 SE McLoughlin Blvd"
"474","1450 Birch Avenue--12","1450 Birch Avenue",NA,"Cottage Grove, OR 97424","f: 541.767.0568","p: 541.767.0566","OR","1450 Birch Avenue"
"475","1532 Siskiyou Blvd.--1","1532 Siskiyou Blvd.",NA,"Ashland, OR 97520","f: 541.482.7427","p: 541.482.8700","OR","1532 Siskiyou Blvd."
"476","160 NW Franklin Blvd.--24","160 NW Franklin Blvd.",NA,"Grants Pass, OR 97526","f: 541.474.0638","p: 541.474.2784","OR","160 NW Franklin Blvd."
"477","2330 NE Division St., Suite 7--8","2330 NE Division St., Suite 7",NA,"Bend, OR 97701","f: 541.389.0850","p: 888.875.7820","OR","2330 NE Division St., Suite 7"
"478","3231 SE 50th--41","3231 SE 50th",NA,"Portland, OR 97206","f: 503.788.7289","p: 888.875.7820","OR","3231 SE 50th"
"479","3579 Franklin Blvd--16","3579 Franklin Blvd",NA,"Eugene, OR 97403","f: 541.344.6519","p: 541.344.9411","OR","3579 Franklin Blvd"
"480","3727 NE Martin Luther King Jr. Boulevard--37","3727 NE Martin Luther King Jr. Boulevard",NA,"Portland, OR 97212","f: 503.288.5239","p: 888.875.7820","OR","3727 NE Martin Luther King Jr. Boulevard"
"481","3825 Wolverine St., NE--45","3825 Wolverine St., NE",NA,"Salem, OR 97305","f: 503.391.9057","p: 888.875.7820","OR","3825 Wolverine St., NE"
"482","793 N. Danebo Avenue--20","793 N. Danebo Avenue",NA,"Eugene, OR 97402","f: 541.463.0468","p: 541.463.9731","OR","793 N. Danebo Avenue"
"483","1001 East Lincoln Highway--18","1001 East Lincoln Highway","Suite 101","Coatesville, PA 19320","f: 610.383.1693","p: 610.383.5911","PA","1001 East Lincoln Highway"
"484","1144 Locust Street--72","1144 Locust Street",NA,"Philadelphia, PA 19107","f: 215.351.5575","p: 215.351.5550","PA","1144 Locust Street"
"486","118 South Kimberly Ave, Ste. 201--101","118 South Kimberly Ave, Ste. 201",NA,"Somerset, PA 15501","f: 814.443.4418","p: 814.443.6549","PA","118 South Kimberly Ave, Ste. 201"
"487","1221 Powell Street--52","1221 Powell Street",NA,"Norristown, PA 19401","f: 610.279.7268","p: 610.279.6095","PA","1221 Powell Street"
"489","125 Nature Park Road--27","125 Nature Park Road",NA,"Greensburg, PA 15601","f: 724.552.0355","p: 724.552.0352","PA","125 Nature Park Road"
"490","1514 North Second Street--31","1514 North Second Street",NA,"Harrisburg, PA 17102","f: 717.901.5351","p: 717.234.2468","PA","1514 North Second Street"
"491","2081 E. High Street--88","2081 E. High Street",NA,"Pottstown, PA 19464","f: 610.326.2867","p: 610.326.8080","PA","2081 E. High Street"
"492","216 W State Street--43","216 W State Street",NA,"Media, PA 19063","f: 610.566.7093","p: 610.566.2830","PA","216 W State Street"
"493","2407 Butler Street--23","2407 Butler Street",NA,"Easton, PA 18042","f: 484.546.0321","p: 610.253.7195","PA","2407 Butler Street"
"494","2751 Comly Road--64","2751 Comly Road",NA,"Philadelphia, PA 19154","f: 215.464.2246","p: 215.464.2225","PA","2751 Comly Road"
"496","28 North Seventh Street--105","28 North Seventh Street",NA,"Stroudsburg, PA 18360","f: 570.476.4580","p: 570.424.8306","PA","28 North Seventh Street"
"497","29 North Ninth Street--1","29 North Ninth Street",NA,"Allentown, PA 18101","f: 610.439.0502","p: 610.439.1033","PA","29 North Ninth Street"
"498","31 South Lime Street--39","31 South Lime Street",NA,"Lancaster, PA 17602","f: 717.299.2004","p: 717.299.2891","PA","31 South Lime Street"
"499","401 West Broad Street--92","401 West Broad Street","Suite 1","Quakertown, PA 18951","f: 215.529.5405","p: 215.536.2684","PA","401 West Broad Street"
"500","48 South Fourth Street--97","48 South Fourth Street",NA,"Reading, PA 19602","f: 610.378.1698","p: 610.376.8061","PA","48 South Fourth Street"
"501","533 Washington Pike--9","533 Washington Pike","Suite 203","Bridgeville, PA 15017","f: 412.257.9945","p: 412.257.9880","PA","533 Washington Pike"
"502","610 Louis Drive --114","610 Louis Drive ","Suite 303 - Second Floor","Warminster, PA 18974","f: 215.957.6481","p: 215.957.7980","PA","610 Louis Drive "
"503","63 North Franklin Street--127","63 North Franklin Street",NA,"Wilkes-Barre, PA 18701","f: 570.825.0626","p: 570.824.8921","PA","63 North Franklin Street"
"504","7200 Chestnut Street--109","7200 Chestnut Street","Suite 102","Upper Darby, PA 19082","f: 610.734.2137","p: 610.626.9482","PA","7200 Chestnut Street"
"505","721 Veterans Highway--14","721 Veterans Highway",NA,"Bristol, PA 19007","f: 215.785.4118","p: 215.785.4591","PA","721 Veterans Highway"
"506","728 South Beaver St--131","728 South Beaver St",NA,"York, PA 17401","f: 717.843.2698","p: 717.845.9681","PA","728 South Beaver St"
"507","8 S Wayne Street--119","8 S Wayne Street",NA,"West Chester, PA 19382","f: 610.241.0010","p: 610.692.1770","PA","8 S Wayne Street"
"509","817 Franklin Street --35","817 Franklin Street ",NA,"Johnstown, PA 15901","f: 814.535.5547","p: 814.535.5545","PA","817 Franklin Street "
"510","8210 Castor Ave--60","8210 Castor Ave",NA,"Philadelphia, PA 19152","f: 215.745.5242","p: 215.745.5966","PA","8210 Castor Ave"
"511","933 Liberty Avenue--80","933 Liberty Avenue",NA,"Pittsburgh, PA 15222","f: 412.434.8975","p: 412.434.8971","PA","933 Liberty Avenue"
"513","935 Beaver Grade Road--47","935 Beaver Grade Road","Suite 12","Moon Township, PA 15108","f: 412.264.7790","p: 412.264.7205","PA","935 Beaver Grade Road"
"514","Centre Plaza Shopping Center--4","Centre Plaza Shopping Center","2185 Galloway Road","Bensalem, PA 19020","f: 215.638.1192","p: 215.638.0629","PA","Centre Plaza Shopping Center"
"515","111 Point Street--1","111 Point Street","","Providence, RI 02903","f: 844.560.1145","p: 401.421.9620","RI","111 Point Street"
"516","200 Rutledge Ave.--1","200 Rutledge Ave.",NA,"Charleston, SC 29403","f: 843.937.6497","p: 843.628.4380","SC","200 Rutledge Ave."
"517","2712 Middleburg Drive--4","2712 Middleburg Drive","Suite 107; Admin 103","Columbia, SC 29204","f: 803.256.4900","p: 803.256.4908","SC","2712 Middleburg Drive"
"518","6511 West 41st Street--1","6511 West 41st Street","","Sioux Falls, SD 57106","f: 605.361.9523","p: 605.361.5100","SD","6511 West 41st Street"
"519","2430 Poplar Avenue--4","2430 Poplar Avenue","Suite 100","Memphis, TN 38112","f: 901.274.1660","p: 901.725.1717","TN","2430 Poplar Avenue"
"520","412 Dr. D.B. Todd, Jr. Blvd.--9","412 Dr. D.B. Todd, Jr. Blvd.",NA,"Nashville, TN 37203","f: 615.320.5233","p: 615.321.7216","TN","412 Dr. D.B. Todd, Jr. Blvd."
"521","710 North Cherry St.--1","710 North Cherry St.",NA,"Knoxville, TN 37914","f: 865.694.7154","p: 865.694.7155","TN","710 North Cherry St."
"522","1121 Ross Avenue,--139","1121 Ross Avenue,",NA,"Waco, TX 76706","f: 254.759.5765","p: 254.759.5750","TX","1121 Ross Avenue,"
"523","11514 Perrin Beitel Rd--106","11514 Perrin Beitel Rd",NA,"San Antonio, TX 78217","f: 210.967.6715","p: 210.590.0202","TX","11514 Perrin Beitel Rd"
"524","120 W. Ashby Pl.--123","120 W. Ashby Pl.",NA,"San Antonio, TX 78212","f: 210.736.1725","p: 210.736.2475","TX","120 W. Ashby Pl."
"525","1220 North Town East Blvd. #240--93","1220 North Town East Blvd. #240",NA,"Mesquite, TX 75150","f: 972.613.8585","p: 972.613.0915","TX","1220 North Town East Blvd. #240"
"526","12614 Southwest Freeway, Suite A--131","12614 Southwest Freeway, Suite A",NA,"Stafford, TX 77477","f: 404.494.7435","p: 713.514.1100","TX","12614 Southwest Freeway, Suite A"
"527","13169 Northwest Freeway--67","13169 Northwest Freeway","Suite 115","Houston, TX 77040","f: 404.494.7435","p: 713.514.1107","TX","13169 Northwest Freeway"
"528","1356 W. Main Street--89","1356 W. Main Street",NA,"Lewisville, TX 75067","f: 972.420.0734","p: 972.221.7644","TX","1356 W. Main Street"
"529","140 W FM 1382, Ste 160--30","140 W FM 1382, Ste 160",NA,"Cedar Hill, TX 75104","f: 972.291.5789","p: 972.709.0081","TX","140 W FM 1382, Ste 160"
"530","1735 17th Street NE--97","1735 17th Street NE",NA,"Paris, TX 75460","f: 903.737.9916","p: 903.784.1301","TX","1735 17th Street NE"
"531","1823 E 7th Street--8","1823 E 7th Street",NA,"Austin, TX 78702","f: 512.477.7134","p: 512.477.5846","TX","1823 E 7th Street"
"532","201 E. Ben White Blvd--16","201 E. Ben White Blvd",NA,"Austin, TX 78704","f: 512.441.6189","p: 512.276.8000","TX","201 E. Ben White Blvd"
"533","2140 Babcock Rd--119","2140 Babcock Rd",NA,"San Antonio, TX 78229","f: 210.521.6872","p: 210.736.2262","TX","2140 Babcock Rd"
"534","2346 E. Southcross Blvd. --110","2346 E. Southcross Blvd. ",NA,"San Antonio, TX 78223","f: 210.531.2940","p: 210.333.5454","TX","2346 E. Southcross Blvd. "
"535","2436 S  IH-35 E  #340--42","2436 S  IH-35 E  #340",NA,"Denton, TX 76205","f: 940.891.0539","p: 940.891.0737","TX","2436 S  IH-35 E  #340"
"536","2824 Central Drive--20","2824 Central Drive","Suite 332","Bedford, TX 76021","f: 817.685.7952","p: 817.545.0077","TX","2824 Central Drive"
"537","3315 Gulf Freeway--46","3315 Gulf Freeway",NA,"Dickinson, TX 77539","f: 404.494.7435","p: 713.514.1105","TX","3315 Gulf Freeway"
"538","3500 South Broadway Ave., Ste E--135","3500 South Broadway Ave., Ste E",NA,"Tyler, TX 75701","f: 903.581.8278","p: 903.581.8277","TX","3500 South Broadway Ave., Ste E"
"539","3701 South Cooper Street #235--4","3701 South Cooper Street #235",NA,"Arlington, TX 76015","f: 817.472.8926","p: 817.472.8196","TX","3701 South Cooper Street #235"
"540","3863 Miller Ave.--50","3863 Miller Ave.",NA,"Fort Worth, TX 76119","f: 817.536.6205","p: 817.536.4942","TX","3863 Miller Ave."
"541","4600 Gulf Freeway, Ste. 100, 1st Floor--76","4600 Gulf Freeway, Ste. 100, 1st Floor",NA,"Houston, TX 77023","f: 404.494.7433","p: 713.522.3976","TX","4600 Gulf Freeway, Ste. 100, 1st Floor"
"543","4600 Gulf Freeway, Ste.300--72","4600 Gulf Freeway, Ste.300",NA,"Houston, TX 77023","f: 713.535.2418","p: 713.535.2400","TX","4600 Gulf Freeway, Ste.300"
"544","4747 Louetta Road--127","4747 Louetta Road",NA,"Spring, TX 77388","f: 404.494.7435","p: 713.514.1102","TX","4747 Louetta Road"
"545","5290 Beltline Road #134--1","5290 Beltline Road #134",NA,"Addison, TX 75254","f: 972.991.1475","p: 972.991.1424","TX","5290 Beltline Road #134"
"546","5800 Bellaire Blvd.--84","5800 Bellaire Blvd.","Building 1B, Suite 120","Houston, TX 77081","f: 404.494.7435","p: 713.541.5372","TX","5800 Bellaire Blvd."
"547","600 North Central Expressway--101","600 North Central Expressway","Ste 601","Plano, TX 75074","f: 972.423.7659","p: 972.424.6311","TX","600 North Central Expressway"
"548","6464 John Ryan Drive--54","6464 John Ryan Drive",NA,"Fort Worth, TX 76132","f: 817.346.7703","p: 817.276.8063","TX","6464 John Ryan Drive"
"549","712 N 77 Sunshine Strip, Ste. 18--58","712 N 77 Sunshine Strip, Ste. 18","Suite 18","Harlingen, TX 78550","f: 956.423.2730","p: 956.423.8584","TX","712 N 77 Sunshine Strip, Ste. 18"
"550","7989 West Virginia Drive--38","7989 West Virginia Drive",NA,"Dallas, TX 75237","f: 972.298.2475","p: 214.373.1868","TX","7989 West Virginia Drive"
"551","870 E. Alton Gloor Blvd.--25","870 E. Alton Gloor Blvd.","Suite B","Brownsville, TX 78526","f: 956.544.1292","p: 956.546.4571","TX","870 E. Alton Gloor Blvd."
"552","8725 Marbach Rd., Ste. 215--114","8725 Marbach Rd., Ste. 215","Suite 215","San Antonio, TX 78227","f: 210-645-9097","p: 210-674-2222","TX","8725 Marbach Rd., Ste. 215"
"553","9041 Research #250--12","9041 Research #250",NA,"Austin, TX 78758","f: 512.257.1745","p: 512.331.1288","TX","9041 Research #250"
"554","9100 N. Central Expwy, #169--34","9100 N. Central Expwy, #169",NA,"Dallas, TX 75231","f: 214.368.1482","p: 214.368.1485","TX","9100 N. Central Expwy, #169"
"555","9919 North Freeway Service Road, Suite 107--63","9919 North Freeway Service Road, Suite 107",NA,"Houston, TX 77037","f: 404.494.7435","p: 713.514.1106","TX","9919 North Freeway Service Road, Suite 107"
"556","1086 North 1200 West--14","1086 North 1200 West",NA,"Orem, UT 84057","f: 801.434.7030","p: 801.226.5246","UT","1086 North 1200 West"
"557","1091 West South Jordan Parkway (106th South), Suite 100--26","1091 West South Jordan Parkway (106th South), Suite 100",NA,"South Jordan, UT 84095","f: ","p: 801.254.2052","UT","1091 West South Jordan Parkway (106th South), Suite 100"
"558","160 South 1000 East, Suite 120--18","160 South 1000 East, Suite 120",NA,"Salt Lake City, UT 84102","f: 801.363.3126","p: 801.257.6789","UT","160 South 1000 East, Suite 120"
"559","1906 West 3600 South--34","1906 West 3600 South",NA,"West Valley City, UT 84119","f: ","p: 801.973.9675","UT","1906 West 3600 South"
"560","4387 Harrison Blvd.--9","4387 Harrison Blvd.","Suite D-8","Ogden, UT 84403","f: 801.479.7723","p: 801.479.7721","UT","4387 Harrison Blvd."
"561","550 N Main #17--4","550 N Main #17","Clock Tower Plaza","Logan, UT 84321","f: 435.753.1684","p: 435.753.0724","UT","550 N Main #17"
"562","595 South Bluff Street Suite 1--30","595 South Bluff Street Suite 1",NA,"St. George, UT 84770","f: 435.674.7227","p: 435.674.9933","UT","595 South Bluff Street Suite 1"
"563","654 South 900 East--22","654 South 900 East",NA,"Salt Lake City, UT 84102","f: 801.322.0065","p: 801.322.5571","UT","654 South 900 East"
"564","728 W. 100 S. #1 --1","728 W. 100 S. #1 ",NA,"Heber, UT 84032","f: 435.654.4067","p: 435.654.7105","UT","728 W. 100 S. #1 "
"565","201 N Hamilton Street--8","201 N Hamilton Street","","Richmond, VA 23221","f: 804.355.5216","p: 804.355.4358","VA","201 N Hamilton Street"
"566","2207 Peters Creek Road--12","2207 Peters Creek Road","","Roanoke, VA 24017","f: 540.562.5124","p: 540.562.3457","VA","2207 Peters Creek Road"
"567","2964 Hydraulic Road--1","2964 Hydraulic Road","","Charlottesville, VA 22901","f: 434.975.3424","p: 434.296.1000","VA","2964 Hydraulic Road"
"568","403 Yale Drive--4","403 Yale Drive","","Hampton, VA 23666","f: 757.825.9165","p: 757.826.2079","VA","403 Yale Drive"
"569","515 Newtown Road--16","515 Newtown Road","","Virginia Beach, VA 23462","f: 757.309.4853","p: 757.499.7526","VA","515 Newtown Road"
"570","11 Burnham Avenue--30","11 Burnham Avenue",NA,"Rutland, VT 05701","f: (802) 775-2044","p: (802) 775-2333","VT","11 Burnham Avenue"
"571","1641 Rt 7 South--21","1641 Rt 7 South",NA,"Middlebury, VT 05753","f: 802.388.0411","p: 802.388.2765","VT","1641 Rt 7 South"
"572","183 Saint Paul Street--12","183 Saint Paul Street",NA,"Burlington, VT 05401","f: 802.863.4951","p: 802.863.6326","VT","183 Saint Paul Street"
"573","194 North Street--4","194 North Street",NA,"Bennington, VT 05201","f: 802.442.2206","p: 802.442.8166","VT","194 North Street"
"574","213 Main St.--16","213 Main St.","P.O. Box 347","Hyde Park, VT 05655","f: 802.888.6912","p: 802.888.3077","VT","213 Main St."
"575","402 Canal Street--8","402 Canal Street",NA,"Brattleboro, VT 05301","f: 802.257.4342","p: 802.257.0534","VT","402 Canal Street"
"576","501 Portland St--38","501 Portland St",NA,"St. Johnsbury, VT 05819","f: 802.748.0353","p: 802.751.7821","VT","501 Portland St"
"577","75 Talcott Road--47","75 Talcott Road","Suite 10","Williston, VT 05495","f: 802.879.4433","p: 802.879.4800","VT","75 Talcott Road"
"578","79 Coventry Street--25","79 Coventry Street","P.O. Box 932","Newport, VT 05855","f: 802.334.5312","p: 802.334.5822","VT","79 Coventry Street"
"579","79 South Main St--42","79 South Main St","PO Box 218","White River Junction, VT 05001","f: 802.291.9130","p: 802.281.6056","VT","79 South Main St"
"580","80 Fairfield Street--34","80 Fairfield Street",NA,"St. Albans, VT 05478","f: 802.527.1729","p: 802.527.1727","VT","80 Fairfield Street"
"581","90 Washington Street--1","90 Washington Street",NA,"Barre, VT 05641","f: 802.476.6419","p: 802.476.6696","VT","90 Washington Street"
"582","10056 SE 240th #A--37","10056 SE 240th #A",NA,"Kent, WA 98031","f: 253.850.2982","p: 800.769.0045","WA","10056 SE 240th #A"
"583","1020 W Main Street--12","1020 W Main Street",NA,"Centralia, WA 98531","f: 360.330.5791","p: 800.769.0045","WA","1020 W Main Street"
"584","10210 State Ave.--45","10210 State Ave.",NA,"Marysville, WA 98271","f: 360.658.6987","p: 800.769.0045","WA","10210 State Ave."
"585","1105 S 348th Street #B103--24","1105 S 348th Street #B103",NA,"Federal Way, WA 98003","f: 253.661.9132","p: 800.769.0045","WA","1105 S 348th Street #B103"
"586","1117 Tieton Dr.--136","1117 Tieton Dr.",NA,"Yakima, WA 98902","f: 509.248.0496","p: 866.904.7721","WA","1117 Tieton Dr."
"587","11516 SE Mill Plain Blvd--123","11516 SE Mill Plain Blvd","Suite 2-E","Vancouver, WA 98684","f: 360.694.1631","p: 888.875.7820","WA","11516 SE Mill Plain Blvd"
"588","12104 E. Main Ave.--111","12104 E. Main Ave.",NA,"Spokane Valley, WA 99206","f: 509.248.3644","p: 866.904.7721","WA","12104 E. Main Ave."
"589","1229 Madison Street--81","1229 Madison Street","Suite 1040","Seattle, WA 98104","f: 206.624.0288","p: 800.769.0045","WA","1229 Madison Street"
"590","123 E. Indiana Ave.--107","123 E. Indiana Ave.",NA,"Spokane, WA 99207","f: 509.248.3644","p: 866.904.7721","WA","123 E. Indiana Ave."
"591","14730 NE 8th St.--1","14730 NE 8th St.",NA,"Bellevue, WA 98007","f: ","p: 800.769.0045","WA","14730 NE 8th St."
"592","1509 32nd St.--20","1509 32nd St.",NA,"Everett, WA 98201","f: 425.259.1533","p: 800.769.0045","WA","1509 32nd St."
"593","1515 Martin Luther King Jr. Way--119","1515 Martin Luther King Jr. Way",NA,"Tacoma , WA 98405","f: 253.272.2718","p: 800.769.0045","WA","1515 Martin Luther King Jr. Way"
"594","1525 SE King Drive--73","1525 SE King Drive",NA,"Pullman, WA 99163","f: 509.248.3644","p: 866.904.7721","WA","1525 SE King Drive"
"595","1530 Ellis Street--4","1530 Ellis Street",NA,"Bellingham, WA 98225","f: 360.715.8416","p: 360.734.9095","WA","1530 Ellis Street"
"596","1805 E Division Street--53","1805 E Division Street",NA,"Mt. Vernon, WA 98274","f: 360.848.0583","p: 360.848.1744","WA","1805 E Division Street"
"597","19505 76th Ave W. 200--41","19505 76th Ave W. 200",NA,"Lynnwood, WA 98036","f: 425.778.3866","p: 800.769.0045","WA","19505 76th Ave W. 200"
"598","2001 E Madison--86","2001 E Madison",NA,"Seattle, WA 98122","f: 206.328.7520","p: 800.769.0045","WA","2001 E Madison"
"599","2111 N. Northgate Way, Suite 218--90","2111 N. Northgate Way, Suite 218",NA,"Seattle, WA 98133","f: ","p: 800.769.0045","WA","2111 N. Northgate Way, Suite 218"
"600","2505 Olympic Hwy N, #400--103","2505 Olympic Hwy N, #400",NA,"Shelton, WA 98584","f: 360.426.1409","p: 800.769.0045","WA","2505 Olympic Hwy N, #400"
"601","2934 Covey Ln--115","2934 Covey Ln",NA,"Sunnyside, WA 98944","f: 509.837.7322","p: 866.904.7721","WA","2934 Covey Ln"
"602","3901 W. Court St.--65","3901 W. Court St.",NA,"Pasco, WA 99301","f: 509.545.8932","p: 866.904.7721","WA","3901 W. Court St."
"603","402 Legion Way, Suite 201--61","402 Legion Way, Suite 201",NA,"Olympia, WA 98501","f: 360.754.5793","p: 800.769.0045","WA","402 Legion Way, Suite 201"
"604","426 East 8th Street--69","426 East 8th Street",NA,"Port Angeles, WA 98362","f: ","p: 800.769.0045","WA","426 East 8th Street"
"605","470 Reed Street, Unit 2A --28","470 Reed Street, Unit 2A ","P.O. Box 1121","Friday Harbor, WA 98250","f: 360.378.6050","p: 360.378.6010","WA","470 Reed Street, Unit 2A "
"606","5020 Roosevelt Way NE --94","5020 Roosevelt Way NE ","Unit 1","Seattle, WA 98105","f: 206.729.0499","p: 800.769.0045","WA","5020 Roosevelt Way NE "
"607","607 E. Riviera Avenue--49","607 E. Riviera Avenue",NA,"Moses Lake, WA 98837","f: 509.248.3644","p: 800.230.7526","WA","607 E. Riviera Avenue"
"608","613 N. Pine St.--16","613 N. Pine St.",NA,"Ellensburg, WA 98926","f: 509.925.6732","p: 866.904.7721","WA","613 N. Pine St."
"609","702-30th Ave SW--77","702-30th Ave SW",NA,"Puyallup, WA 98373","f: 253.864.8548","p: 800.769.0045","WA","702-30th Ave SW"
"610","703 2nd Ave--57","703 2nd Ave",NA,"Okanogan, WA 98840","f: 509.248.3644","p: 866.904.7721","WA","703 2nd Ave"
"611","723 NE Riddell Road, Suite A --8","723 NE Riddell Road, Suite A ",NA,"Bremerton, WA 98310","f: 360.373.1379","p: 800.769.0045","WA","723 NE Riddell Road, Suite A "
"612","7426 W. Bonnie Pl.--33","7426 W. Bonnie Pl.",NA,"Kennewick, WA 99336","f: 509.735.2587","p: 866.904.7721","WA","7426 W. Bonnie Pl."
"613","828 S. First Ave.--128","828 S. First Ave.",NA,"Walla Walla, WA 99362","f: 509.522.1940","p: 866.904.7721","WA","828 S. First Ave."
"614","900 Ferry St.--132","900 Ferry St.",NA,"Wenatchee, WA 98801","f: 509.248.3644","p: 866.904.7721","WA","900 Ferry St."
"615","9942 8th Avenue SW--99","9942 8th Avenue SW",NA,"Seattle, WA 98106","f: ","p: 800.769.0045","WA","9942 8th Avenue SW"
"616","1100 South 30th Street--29","1100 South 30th Street",NA,"Manitowoc, WI 54220","f: 920.684.3651","p: 920.684.1332","WI","1100 South 30th Street"
"617","132 W. Cook Street--57","132 W. Cook Street","P.O. Box 887","Portage, WI 53901","f: 608.742.0507","p: 608.742.1551","WI","132 W. Cook Street"
"618","1355 South 8th Street--82","1355 South 8th Street",NA,"Wisconsin Rapids, WI 54494","f: 715.423.7753","p: 715.423.9610","WI","1355 South 8th Street"
"619","1710 South 7th Street Suite 300--37","1710 South 7th Street Suite 300",NA,"Milwaukee, WI 53204","f: 414.645.8803","p: 414.645.8383","WI","1710 South 7th Street Suite 300"
"620","2108 Kohler Memorial Drive--66","2108 Kohler Memorial Drive",NA,"Sheboygan, WI 53081","f: 920.458.8801","p: 920.458.9401","WI","2108 Kohler Memorial Drive"
"621","2207 W. Wisconsin Ave--49","2207 W. Wisconsin Ave",NA,"Milwaukee, WI 53233","f: 414.931.0063","p: 414.931.8181","WI","2207 W. Wisconsin Ave"
"622","2222 S. Park Street Suite 210--25","2222 S. Park Street Suite 210",NA,"Madison, WI 53713","f: 608.251.6573","p: 608.251.6546","WI","2222 S. Park Street Suite 210"
"623","2239 S 108th Street--74","2239 S 108th Street",NA,"West Allis, WI 53227","f: 414.541.2728","p: 414.541.2772","WI","2239 S 108th Street"
"624","2605 S. Oneida Street--12","2605 S. Oneida Street","Suite 107","Green Bay, WI 54304","f: ","p: 920.432.0031","WI","2605 S. Oneida Street"
"625","302 N Jackson Street--41","302 N Jackson Street",NA,"Milwaukee, WI 53202","f: 414.276.8110","p: 414.276.8777","WI","302 N Jackson Street"
"626","312 South 7th Street--4","312 South 7th Street",NA,"Delavan, WI 53115","f: 262.728.1892","p: 262.728.1849","WI","312 South 7th Street"
"627","3601 Roosevelt Road--17","3601 Roosevelt Road",NA,"Kenosha, WI 53142","f: 262.654.0900","p: 262.654.0491","WI","3601 Roosevelt Road"
"628","3706 Orin Road--21","3706 Orin Road",NA,"Madison, WI 53704","f: 608.241.3854","p: 608.241.3767","WI","3706 Orin Road"
"629","378 S. Koeller St.--53","378 S. Koeller St.",NA,"Oshkosh, WI 54902","f: 920.235.6017","p: 920.235.0115","WI","378 S. Koeller St."
"630","426 W Main Street--70","426 W Main Street",NA,"Waukesha, WI 53186","f: 262.544.1307","p: 262.544.0708","WI","426 W Main Street"
"631","508 W Wisconsin Ave, Suite A--1","508 W Wisconsin Ave, Suite A",NA,"Appleton, WI 54911","f: 920.731.8502","p: 920.731.6304","WI","508 W Wisconsin Ave, Suite A"
"632","532 Shepherds Drive--78","532 Shepherds Drive",NA,"West Bend, WI 53090","f: 262.338.2984","p: 262.338.1303","WI","532 Shepherds Drive"
"633","5380 W Fond du Lac Avenue--45","5380 W Fond du Lac Avenue",NA,"Milwaukee, WI 53216","f: 414.536.6830","p: 414.536.6690","WI","5380 W Fond du Lac Avenue"
"634","801 East Capitol Drive--33","801 East Capitol Drive",NA,"Milwaukee, WI 53212","f: 414.967.5785","p: 414.967.4945","WI","801 East Capitol Drive"
"635","834 S Main Street --62","834 S Main Street ",NA,"Racine, WI 53403","f: 262.634.7173","p: 262.634.2060","WI","834 S Main Street "
"636","967 W. Clairemont Avenue--8","967 W. Clairemont Avenue",NA,"Eau Claire, WI 54701","f: 715.833.8580","p: 715.833.2279","WI","967 W. Clairemont Avenue"
"637","522 Grand Central Ave.--1","522 Grand Central Ave.","","Vienna, WV 26105","f: 304.295.4924","p: 304.295.3331","WV","522 Grand Central Ave."
"638","1945 Westwood Hill--1","1945 Westwood Hill","","Casper, WY 82604","f: 307.577.4115","p: 307.234.1669","WY","1945 Westwood Hill"
